name,title,level,facing,categories,description,detail,remediation,metadata,cache_key
auth_rls_initplan,Auth RLS Initialization Plan,WARN,EXTERNAL,"[""PERFORMANCE""]",Detects if calls to \`current_setting()\` and \`auth.<function>()\` in RLS policies are being unnecessarily re-evaluated for each row,Table \`public.wallets\` has a row level security policy \`wallets_select\` that re-evaluates current_setting() or auth.<function>() for each row. This produces suboptimal query performance at scale. Resolve the issue by replacing \`auth.<function>()\` with \`(select auth.<function>())\`. See [docs](https://supabase.com/docs/guides/database/postgres/row-level-security#call-functions-with-select) for more info.,https://supabase.com/docs/guides/database/database-linter?lint=0003_auth_rls_initplan,"{""name"":""wallets"",""type"":""table"",""schema"":""public""}",auth_rls_init_plan_public_wallets_wallets_select
auth_rls_initplan,Auth RLS Initialization Plan,WARN,EXTERNAL,"[""PERFORMANCE""]",Detects if calls to \`current_setting()\` and \`auth.<function>()\` in RLS policies are being unnecessarily re-evaluated for each row,Table \`public.wallet_transactions\` has a row level security policy \`wallet_tx_select\` that re-evaluates current_setting() or auth.<function>() for each row. This produces suboptimal query performance at scale. Resolve the issue by replacing \`auth.<function>()\` with \`(select auth.<function>())\`. See [docs](https://supabase.com/docs/guides/database/postgres/row-level-security#call-functions-with-select) for more info.,https://supabase.com/docs/guides/database/database-linter?lint=0003_auth_rls_initplan,"{""name"":""wallet_transactions"",""type"":""table"",""schema"":""public""}",auth_rls_init_plan_public_wallet_transactions_wallet_tx_select
auth_rls_initplan,Auth RLS Initialization Plan,WARN,EXTERNAL,"[""PERFORMANCE""]",Detects if calls to \`current_setting()\` and \`auth.<function>()\` in RLS policies are being unnecessarily re-evaluated for each row,Table \`public.mmp_site_entries\` has a row level security policy \`Allow select mmp_site_entries for authenticated\` that re-evaluates current_setting() or auth.<function>() for each row. This produces suboptimal query performance at scale. Resolve the issue by replacing \`auth.<function>()\` with \`(select auth.<function>())\`. See [docs](https://supabase.com/docs/guides/database/postgres/row-level-security#call-functions-with-select) for more info.,https://supabase.com/docs/guides/database/database-linter?lint=0003_auth_rls_initplan,"{""name"":""mmp_site_entries"",""type"":""table"",""schema"":""public""}",auth_rls_init_plan_public_mmp_site_entries_Allow select mmp_site_entries for authenticated
auth_rls_initplan,Auth RLS Initialization Plan,WARN,EXTERNAL,"[""PERFORMANCE""]",Detects if calls to \`current_setting()\` and \`auth.<function>()\` in RLS policies are being unnecessarily re-evaluated for each row,Table \`public.user_settings\` has a row level security policy \`user_settings_modify_own\` that re-evaluates current_setting() or auth.<function>() for each row. This produces suboptimal query performance at scale. Resolve the issue by replacing \`auth.<function>()\` with \`(select auth.<function>())\`. See [docs](https://supabase.com/docs/guides/database/postgres/row-level-security#call-functions-with-select) for more info.,https://supabase.com/docs/guides/database/database-linter?lint=0003_auth_rls_initplan,"{""name"":""user_settings"",""type"":""table"",""schema"":""public""}",auth_rls_init_plan_public_user_settings_user_settings_modify_own
auth_rls_initplan,Auth RLS Initialization Plan,WARN,EXTERNAL,"[""PERFORMANCE""]",Detects if calls to \`current_setting()\` and \`auth.<function>()\` in RLS policies are being unnecessarily re-evaluated for each row,Table \`public.wallet_settings\` has a row level security policy \`wallet_settings_modify_own\` that re-evaluates current_setting() or auth.<function>() for each row. This produces suboptimal query performance at scale. Resolve the issue by replacing \`auth.<function>()\` with \`(select auth.<function>())\`. See [docs](https://supabase.com/docs/guides/database/postgres/row-level-security#call-functions-with-select) for more info.,https://supabase.com/docs/guides/database/database-linter?lint=0003_auth_rls_initplan,"{""name"":""wallet_settings"",""type"":""table"",""schema"":""public""}",auth_rls_init_plan_public_wallet_settings_wallet_settings_modify_own
auth_rls_initplan,Auth RLS Initialization Plan,WARN,EXTERNAL,"[""PERFORMANCE""]",Detects if calls to \`current_setting()\` and \`auth.<function>()\` in RLS policies are being unnecessarily re-evaluated for each row,Table \`public.data_visibility_settings\` has a row level security policy \`data_visibility_settings_modify_own\` that re-evaluates current_setting() or auth.<function>() for each row. This produces suboptimal query performance at scale. Resolve the issue by replacing \`auth.<function>()\` with \`(select auth.<function>())\`. See [docs](https://supabase.com/docs/guides/database/postgres/row-level-security#call-functions-with-select) for more info.,https://supabase.com/docs/guides/database/database-linter?lint=0003_auth_rls_initplan,"{""name"":""data_visibility_settings"",""type"":""table"",""schema"":""public""}",auth_rls_init_plan_public_data_visibility_settings_data_visibility_settings_modify_own
auth_rls_initplan,Auth RLS Initialization Plan,WARN,EXTERNAL,"[""PERFORMANCE""]",Detects if calls to \`current_setting()\` and \`auth.<function>()\` in RLS policies are being unnecessarily re-evaluated for each row,Table \`public.dashboard_settings\` has a row level security policy \`dashboard_settings_modify_own\` that re-evaluates current_setting() or auth.<function>() for each row. This produces suboptimal query performance at scale. Resolve the issue by replacing \`auth.<function>()\` with \`(select auth.<function>())\`. See [docs](https://supabase.com/docs/guides/database/postgres/row-level-security#call-functions-with-select) for more info.,https://supabase.com/docs/guides/database/database-linter?lint=0003_auth_rls_initplan,"{""name"":""dashboard_settings"",""type"":""table"",""schema"":""public""}",auth_rls_init_plan_public_dashboard_settings_dashboard_settings_modify_own
auth_rls_initplan,Auth RLS Initialization Plan,WARN,EXTERNAL,"[""PERFORMANCE""]",Detects if calls to \`current_setting()\` and \`auth.<function>()\` in RLS policies are being unnecessarily re-evaluated for each row,Table \`public.payout_requests\` has a row level security policy \`payout_select\` that re-evaluates current_setting() or auth.<function>() for each row. This produces suboptimal query performance at scale. Resolve the issue by replacing \`auth.<function>()\` with \`(select auth.<function>())\`. See [docs](https://supabase.com/docs/guides/database/postgres/row-level-security#call-functions-with-select) for more info.,https://supabase.com/docs/guides/database/database-linter?lint=0003_auth_rls_initplan,"{""name"":""payout_requests"",""type"":""table"",""schema"":""public""}",auth_rls_init_plan_public_payout_requests_payout_select
auth_rls_initplan,Auth RLS Initialization Plan,WARN,EXTERNAL,"[""PERFORMANCE""]",Detects if calls to \`current_setting()\` and \`auth.<function>()\` in RLS policies are being unnecessarily re-evaluated for each row,Table \`public.payout_requests\` has a row level security policy \`payout_insert_self\` that re-evaluates current_setting() or auth.<function>() for each row. This produces suboptimal query performance at scale. Resolve the issue by replacing \`auth.<function>()\` with \`(select auth.<function>())\`. See [docs](https://supabase.com/docs/guides/database/postgres/row-level-security#call-functions-with-select) for more info.,https://supabase.com/docs/guides/database/database-linter?lint=0003_auth_rls_initplan,"{""name"":""payout_requests"",""type"":""table"",""schema"":""public""}",auth_rls_init_plan_public_payout_requests_payout_insert_self
auth_rls_initplan,Auth RLS Initialization Plan,WARN,EXTERNAL,"[""PERFORMANCE""]",Detects if calls to \`current_setting()\` and \`auth.<function>()\` in RLS policies are being unnecessarily re-evaluated for each row,Table \`public.mmp_site_entries\` has a row level security policy \`Allow insert mmp_site_entries for authenticated\` that re-evaluates current_setting() or auth.<function>() for each row. This produces suboptimal query performance at scale. Resolve the issue by replacing \`auth.<function>()\` with \`(select auth.<function>())\`. See [docs](https://supabase.com/docs/guides/database/postgres/row-level-security#call-functions-with-select) for more info.,https://supabase.com/docs/guides/database/database-linter?lint=0003_auth_rls_initplan,"{""name"":""mmp_site_entries"",""type"":""table"",""schema"":""public""}",auth_rls_init_plan_public_mmp_site_entries_Allow insert mmp_site_entries for authenticated
auth_rls_initplan,Auth RLS Initialization Plan,WARN,EXTERNAL,"[""PERFORMANCE""]",Detects if calls to \`current_setting()\` and \`auth.<function>()\` in RLS policies are being unnecessarily re-evaluated for each row,Table \`public.profiles\` has a row level security policy \`profiles_select_authenticated\` that re-evaluates current_setting() or auth.<function>() for each row. This produces suboptimal query performance at scale. Resolve the issue by replacing \`auth.<function>()\` with \`(select auth.<function>())\`. See [docs](https://supabase.com/docs/guides/database/postgres/row-level-security#call-functions-with-select) for more info.,https://supabase.com/docs/guides/database/database-linter?lint=0003_auth_rls_initplan,"{""name"":""profiles"",""type"":""table"",""schema"":""public""}",auth_rls_init_plan_public_profiles_profiles_select_authenticated
auth_rls_initplan,Auth RLS Initialization Plan,WARN,EXTERNAL,"[""PERFORMANCE""]",Detects if calls to \`current_setting()\` and \`auth.<function>()\` in RLS policies are being unnecessarily re-evaluated for each row,Table \`public.profiles\` has a row level security policy \`profiles_update_own\` that re-evaluates current_setting() or auth.<function>() for each row. This produces suboptimal query performance at scale. Resolve the issue by replacing \`auth.<function>()\` with \`(select auth.<function>())\`. See [docs](https://supabase.com/docs/guides/database/postgres/row-level-security#call-functions-with-select) for more info.,https://supabase.com/docs/guides/database/database-linter?lint=0003_auth_rls_initplan,"{""name"":""profiles"",""type"":""table"",""schema"":""public""}",auth_rls_init_plan_public_profiles_profiles_update_own
auth_rls_initplan,Auth RLS Initialization Plan,WARN,EXTERNAL,"[""PERFORMANCE""]",Detects if calls to \`current_setting()\` and \`auth.<function>()\` in RLS policies are being unnecessarily re-evaluated for each row,Table \`public.chats\` has a row level security policy \`chats_select_creator\` that re-evaluates current_setting() or auth.<function>() for each row. This produces suboptimal query performance at scale. Resolve the issue by replacing \`auth.<function>()\` with \`(select auth.<function>())\`. See [docs](https://supabase.com/docs/guides/database/postgres/row-level-security#call-functions-with-select) for more info.,https://supabase.com/docs/guides/database/database-linter?lint=0003_auth_rls_initplan,"{""name"":""chats"",""type"":""table"",""schema"":""public""}",auth_rls_init_plan_public_chats_chats_select_creator
auth_rls_initplan,Auth RLS Initialization Plan,WARN,EXTERNAL,"[""PERFORMANCE""]",Detects if calls to \`current_setting()\` and \`auth.<function>()\` in RLS policies are being unnecessarily re-evaluated for each row,Table \`public.wallet_transactions\` has a row level security policy \`Admins can update transactions\` that re-evaluates current_setting() or auth.<function>() for each row. This produces suboptimal query performance at scale. Resolve the issue by replacing \`auth.<function>()\` with \`(select auth.<function>())\`. See [docs](https://supabase.com/docs/guides/database/postgres/row-level-security#call-functions-with-select) for more info.,https://supabase.com/docs/guides/database/database-linter?lint=0003_auth_rls_initplan,"{""name"":""wallet_transactions"",""type"":""table"",""schema"":""public""}",auth_rls_init_plan_public_wallet_transactions_Admins can update transactions
auth_rls_initplan,Auth RLS Initialization Plan,WARN,EXTERNAL,"[""PERFORMANCE""]",Detects if calls to \`current_setting()\` and \`auth.<function>()\` in RLS policies are being unnecessarily re-evaluated for each row,Table \`public.projects\` has a row level security policy \`projects_all_auth\` that re-evaluates current_setting() or auth.<function>() for each row. This produces suboptimal query performance at scale. Resolve the issue by replacing \`auth.<function>()\` with \`(select auth.<function>())\`. See [docs](https://supabase.com/docs/guides/database/postgres/row-level-security#call-functions-with-select) for more info.,https://supabase.com/docs/guides/database/database-linter?lint=0003_auth_rls_initplan,"{""name"":""projects"",""type"":""table"",""schema"":""public""}",auth_rls_init_plan_public_projects_projects_all_auth
auth_rls_initplan,Auth RLS Initialization Plan,WARN,EXTERNAL,"[""PERFORMANCE""]",Detects if calls to \`current_setting()\` and \`auth.<function>()\` in RLS policies are being unnecessarily re-evaluated for each row,Table \`public.project_activities\` has a row level security policy \`project_activities_all_auth\` that re-evaluates current_setting() or auth.<function>() for each row. This produces suboptimal query performance at scale. Resolve the issue by replacing \`auth.<function>()\` with \`(select auth.<function>())\`. See [docs](https://supabase.com/docs/guides/database/postgres/row-level-security#call-functions-with-select) for more info.,https://supabase.com/docs/guides/database/database-linter?lint=0003_auth_rls_initplan,"{""name"":""project_activities"",""type"":""table"",""schema"":""public""}",auth_rls_init_plan_public_project_activities_project_activities_all_auth
auth_rls_initplan,Auth RLS Initialization Plan,WARN,EXTERNAL,"[""PERFORMANCE""]",Detects if calls to \`current_setting()\` and \`auth.<function>()\` in RLS policies are being unnecessarily re-evaluated for each row,Table \`public.sub_activities\` has a row level security policy \`sub_activities_all_auth\` that re-evaluates current_setting() or auth.<function>() for each row. This produces suboptimal query performance at scale. Resolve the issue by replacing \`auth.<function>()\` with \`(select auth.<function>())\`. See [docs](https://supabase.com/docs/guides/database/postgres/row-level-security#call-functions-with-select) for more info.,https://supabase.com/docs/guides/database/database-linter?lint=0003_auth_rls_initplan,"{""name"":""sub_activities"",""type"":""table"",""schema"":""public""}",auth_rls_init_plan_public_sub_activities_sub_activities_all_auth
auth_rls_initplan,Auth RLS Initialization Plan,WARN,EXTERNAL,"[""PERFORMANCE""]",Detects if calls to \`current_setting()\` and \`auth.<function>()\` in RLS policies are being unnecessarily re-evaluated for each row,Table \`public.mmp_files\` has a row level security policy \`mmp_files_all_auth\` that re-evaluates current_setting() or auth.<function>() for each row. This produces suboptimal query performance at scale. Resolve the issue by replacing \`auth.<function>()\` with \`(select auth.<function>())\`. See [docs](https://supabase.com/docs/guides/database/postgres/row-level-security#call-functions-with-select) for more info.,https://supabase.com/docs/guides/database/database-linter?lint=0003_auth_rls_initplan,"{""name"":""mmp_files"",""type"":""table"",""schema"":""public""}",auth_rls_init_plan_public_mmp_files_mmp_files_all_auth
auth_rls_initplan,Auth RLS Initialization Plan,WARN,EXTERNAL,"[""PERFORMANCE""]",Detects if calls to \`current_setting()\` and \`auth.<function>()\` in RLS policies are being unnecessarily re-evaluated for each row,Table \`public.user_settings\` has a row level security policy \`user_settings_select_own\` that re-evaluates current_setting() or auth.<function>() for each row. This produces suboptimal query performance at scale. Resolve the issue by replacing \`auth.<function>()\` with \`(select auth.<function>())\`. See [docs](https://supabase.com/docs/guides/database/postgres/row-level-security#call-functions-with-select) for more info.,https://supabase.com/docs/guides/database/database-linter?lint=0003_auth_rls_initplan,"{""name"":""user_settings"",""type"":""table"",""schema"":""public""}",auth_rls_init_plan_public_user_settings_user_settings_select_own
auth_rls_initplan,Auth RLS Initialization Plan,WARN,EXTERNAL,"[""PERFORMANCE""]",Detects if calls to \`current_setting()\` and \`auth.<function>()\` in RLS policies are being unnecessarily re-evaluated for each row,Table \`public.user_settings\` has a row level security policy \`user_settings_insert_own\` that re-evaluates current_setting() or auth.<function>() for each row. This produces suboptimal query performance at scale. Resolve the issue by replacing \`auth.<function>()\` with \`(select auth.<function>())\`. See [docs](https://supabase.com/docs/guides/database/postgres/row-level-security#call-functions-with-select) for more info.,https://supabase.com/docs/guides/database/database-linter?lint=0003_auth_rls_initplan,"{""name"":""user_settings"",""type"":""table"",""schema"":""public""}",auth_rls_init_plan_public_user_settings_user_settings_insert_own
auth_rls_initplan,Auth RLS Initialization Plan,WARN,EXTERNAL,"[""PERFORMANCE""]",Detects if calls to \`current_setting()\` and \`auth.<function>()\` in RLS policies are being unnecessarily re-evaluated for each row,Table \`public.payout_requests\` has a row level security policy \`Users can view their own payout requests\` that re-evaluates current_setting() or auth.<function>() for each row. This produces suboptimal query performance at scale. Resolve the issue by replacing \`auth.<function>()\` with \`(select auth.<function>())\`. See [docs](https://supabase.com/docs/guides/database/postgres/row-level-security#call-functions-with-select) for more info.,https://supabase.com/docs/guides/database/database-linter?lint=0003_auth_rls_initplan,"{""name"":""payout_requests"",""type"":""table"",""schema"":""public""}",auth_rls_init_plan_public_payout_requests_Users can view their own payout requests
auth_rls_initplan,Auth RLS Initialization Plan,WARN,EXTERNAL,"[""PERFORMANCE""]",Detects if calls to \`current_setting()\` and \`auth.<function>()\` in RLS policies are being unnecessarily re-evaluated for each row,Table \`public.comprehensive_monitoring_checklists\` has a row level security policy \`Users can insert own checklists\` that re-evaluates current_setting() or auth.<function>() for each row. This produces suboptimal query performance at scale. Resolve the issue by replacing \`auth.<function>()\` with \`(select auth.<function>())\`. See [docs](https://supabase.com/docs/guides/database/postgres/row-level-security#call-functions-with-select) for more info.,https://supabase.com/docs/guides/database/database-linter?lint=0003_auth_rls_initplan,"{""name"":""comprehensive_monitoring_checklists"",""type"":""table"",""schema"":""public""}",auth_rls_init_plan_public_comprehensive_monitoring_checklists_Users can insert own checklists
auth_rls_initplan,Auth RLS Initialization Plan,WARN,EXTERNAL,"[""PERFORMANCE""]",Detects if calls to \`current_setting()\` and \`auth.<function>()\` in RLS policies are being unnecessarily re-evaluated for each row,Table \`public.comprehensive_monitoring_checklists\` has a row level security policy \`Users can view own checklists\` that re-evaluates current_setting() or auth.<function>() for each row. This produces suboptimal query performance at scale. Resolve the issue by replacing \`auth.<function>()\` with \`(select auth.<function>())\`. See [docs](https://supabase.com/docs/guides/database/postgres/row-level-security#call-functions-with-select) for more info.,https://supabase.com/docs/guides/database/database-linter?lint=0003_auth_rls_initplan,"{""name"":""comprehensive_monitoring_checklists"",""type"":""table"",""schema"":""public""}",auth_rls_init_plan_public_comprehensive_monitoring_checklists_Users can view own checklists
auth_rls_initplan,Auth RLS Initialization Plan,WARN,EXTERNAL,"[""PERFORMANCE""]",Detects if calls to \`current_setting()\` and \`auth.<function>()\` in RLS policies are being unnecessarily re-evaluated for each row,Table \`public.payout_requests\` has a row level security policy \`Users can create their own payout requests\` that re-evaluates current_setting() or auth.<function>() for each row. This produces suboptimal query performance at scale. Resolve the issue by replacing \`auth.<function>()\` with \`(select auth.<function>())\`. See [docs](https://supabase.com/docs/guides/database/postgres/row-level-security#call-functions-with-select) for more info.,https://supabase.com/docs/guides/database/database-linter?lint=0003_auth_rls_initplan,"{""name"":""payout_requests"",""type"":""table"",""schema"":""public""}",auth_rls_init_plan_public_payout_requests_Users can create their own payout requests
auth_rls_initplan,Auth RLS Initialization Plan,WARN,EXTERNAL,"[""PERFORMANCE""]",Detects if calls to \`current_setting()\` and \`auth.<function>()\` in RLS policies are being unnecessarily re-evaluated for each row,Table \`public.user_settings\` has a row level security policy \`user_settings_update_own\` that re-evaluates current_setting() or auth.<function>() for each row. This produces suboptimal query performance at scale. Resolve the issue by replacing \`auth.<function>()\` with \`(select auth.<function>())\`. See [docs](https://supabase.com/docs/guides/database/postgres/row-level-security#call-functions-with-select) for more info.,https://supabase.com/docs/guides/database/database-linter?lint=0003_auth_rls_initplan,"{""name"":""user_settings"",""type"":""table"",""schema"":""public""}",auth_rls_init_plan_public_user_settings_user_settings_update_own
auth_rls_initplan,Auth RLS Initialization Plan,WARN,EXTERNAL,"[""PERFORMANCE""]",Detects if calls to \`current_setting()\` and \`auth.<function>()\` in RLS policies are being unnecessarily re-evaluated for each row,Table \`public.user_settings\` has a row level security policy \`user_settings_delete_own\` that re-evaluates current_setting() or auth.<function>() for each row. This produces suboptimal query performance at scale. Resolve the issue by replacing \`auth.<function>()\` with \`(select auth.<function>())\`. See [docs](https://supabase.com/docs/guides/database/postgres/row-level-security#call-functions-with-select) for more info.,https://supabase.com/docs/guides/database/database-linter?lint=0003_auth_rls_initplan,"{""name"":""user_settings"",""type"":""table"",""schema"":""public""}",auth_rls_init_plan_public_user_settings_user_settings_delete_own
auth_rls_initplan,Auth RLS Initialization Plan,WARN,EXTERNAL,"[""PERFORMANCE""]",Detects if calls to \`current_setting()\` and \`auth.<function>()\` in RLS policies are being unnecessarily re-evaluated for each row,Table \`public.wallet_settings\` has a row level security policy \`wallet_settings_select_own\` that re-evaluates current_setting() or auth.<function>() for each row. This produces suboptimal query performance at scale. Resolve the issue by replacing \`auth.<function>()\` with \`(select auth.<function>())\`. See [docs](https://supabase.com/docs/guides/database/postgres/row-level-security#call-functions-with-select) for more info.,https://supabase.com/docs/guides/database/database-linter?lint=0003_auth_rls_initplan,"{""name"":""wallet_settings"",""type"":""table"",""schema"":""public""}",auth_rls_init_plan_public_wallet_settings_wallet_settings_select_own
auth_rls_initplan,Auth RLS Initialization Plan,WARN,EXTERNAL,"[""PERFORMANCE""]",Detects if calls to \`current_setting()\` and \`auth.<function>()\` in RLS policies are being unnecessarily re-evaluated for each row,Table \`public.wallet_settings\` has a row level security policy \`wallet_settings_insert_own\` that re-evaluates current_setting() or auth.<function>() for each row. This produces suboptimal query performance at scale. Resolve the issue by replacing \`auth.<function>()\` with \`(select auth.<function>())\`. See [docs](https://supabase.com/docs/guides/database/postgres/row-level-security#call-functions-with-select) for more info.,https://supabase.com/docs/guides/database/database-linter?lint=0003_auth_rls_initplan,"{""name"":""wallet_settings"",""type"":""table"",""schema"":""public""}",auth_rls_init_plan_public_wallet_settings_wallet_settings_insert_own
auth_rls_initplan,Auth RLS Initialization Plan,WARN,EXTERNAL,"[""PERFORMANCE""]",Detects if calls to \`current_setting()\` and \`auth.<function>()\` in RLS policies are being unnecessarily re-evaluated for each row,Table \`public.wallet_settings\` has a row level security policy \`wallet_settings_update_own\` that re-evaluates current_setting() or auth.<function>() for each row. This produces suboptimal query performance at scale. Resolve the issue by replacing \`auth.<function>()\` with \`(select auth.<function>())\`. See [docs](https://supabase.com/docs/guides/database/postgres/row-level-security#call-functions-with-select) for more info.,https://supabase.com/docs/guides/database/database-linter?lint=0003_auth_rls_initplan,"{""name"":""wallet_settings"",""type"":""table"",""schema"":""public""}",auth_rls_init_plan_public_wallet_settings_wallet_settings_update_own
auth_rls_initplan,Auth RLS Initialization Plan,WARN,EXTERNAL,"[""PERFORMANCE""]",Detects if calls to \`current_setting()\` and \`auth.<function>()\` in RLS policies are being unnecessarily re-evaluated for each row,Table \`public.wallet_settings\` has a row level security policy \`wallet_settings_delete_own\` that re-evaluates current_setting() or auth.<function>() for each row. This produces suboptimal query performance at scale. Resolve the issue by replacing \`auth.<function>()\` with \`(select auth.<function>())\`. See [docs](https://supabase.com/docs/guides/database/postgres/row-level-security#call-functions-with-select) for more info.,https://supabase.com/docs/guides/database/database-linter?lint=0003_auth_rls_initplan,"{""name"":""wallet_settings"",""type"":""table"",""schema"":""public""}",auth_rls_init_plan_public_wallet_settings_wallet_settings_delete_own
auth_rls_initplan,Auth RLS Initialization Plan,WARN,EXTERNAL,"[""PERFORMANCE""]",Detects if calls to \`current_setting()\` and \`auth.<function>()\` in RLS policies are being unnecessarily re-evaluated for each row,Table \`public.data_visibility_settings\` has a row level security policy \`data_visibility_settings_select_own\` that re-evaluates current_setting() or auth.<function>() for each row. This produces suboptimal query performance at scale. Resolve the issue by replacing \`auth.<function>()\` with \`(select auth.<function>())\`. See [docs](https://supabase.com/docs/guides/database/postgres/row-level-security#call-functions-with-select) for more info.,https://supabase.com/docs/guides/database/database-linter?lint=0003_auth_rls_initplan,"{""name"":""data_visibility_settings"",""type"":""table"",""schema"":""public""}",auth_rls_init_plan_public_data_visibility_settings_data_visibility_settings_select_own
auth_rls_initplan,Auth RLS Initialization Plan,WARN,EXTERNAL,"[""PERFORMANCE""]",Detects if calls to \`current_setting()\` and \`auth.<function>()\` in RLS policies are being unnecessarily re-evaluated for each row,Table \`public.data_visibility_settings\` has a row level security policy \`data_visibility_settings_insert_own\` that re-evaluates current_setting() or auth.<function>() for each row. This produces suboptimal query performance at scale. Resolve the issue by replacing \`auth.<function>()\` with \`(select auth.<function>())\`. See [docs](https://supabase.com/docs/guides/database/postgres/row-level-security#call-functions-with-select) for more info.,https://supabase.com/docs/guides/database/database-linter?lint=0003_auth_rls_initplan,"{""name"":""data_visibility_settings"",""type"":""table"",""schema"":""public""}",auth_rls_init_plan_public_data_visibility_settings_data_visibility_settings_insert_own
auth_rls_initplan,Auth RLS Initialization Plan,WARN,EXTERNAL,"[""PERFORMANCE""]",Detects if calls to \`current_setting()\` and \`auth.<function>()\` in RLS policies are being unnecessarily re-evaluated for each row,Table \`public.data_visibility_settings\` has a row level security policy \`data_visibility_settings_update_own\` that re-evaluates current_setting() or auth.<function>() for each row. This produces suboptimal query performance at scale. Resolve the issue by replacing \`auth.<function>()\` with \`(select auth.<function>())\`. See [docs](https://supabase.com/docs/guides/database/postgres/row-level-security#call-functions-with-select) for more info.,https://supabase.com/docs/guides/database/database-linter?lint=0003_auth_rls_initplan,"{""name"":""data_visibility_settings"",""type"":""table"",""schema"":""public""}",auth_rls_init_plan_public_data_visibility_settings_data_visibility_settings_update_own
auth_rls_initplan,Auth RLS Initialization Plan,WARN,EXTERNAL,"[""PERFORMANCE""]",Detects if calls to \`current_setting()\` and \`auth.<function>()\` in RLS policies are being unnecessarily re-evaluated for each row,Table \`public.data_visibility_settings\` has a row level security policy \`data_visibility_settings_delete_own\` that re-evaluates current_setting() or auth.<function>() for each row. This produces suboptimal query performance at scale. Resolve the issue by replacing \`auth.<function>()\` with \`(select auth.<function>())\`. See [docs](https://supabase.com/docs/guides/database/postgres/row-level-security#call-functions-with-select) for more info.,https://supabase.com/docs/guides/database/database-linter?lint=0003_auth_rls_initplan,"{""name"":""data_visibility_settings"",""type"":""table"",""schema"":""public""}",auth_rls_init_plan_public_data_visibility_settings_data_visibility_settings_delete_own
auth_rls_initplan,Auth RLS Initialization Plan,WARN,EXTERNAL,"[""PERFORMANCE""]",Detects if calls to \`current_setting()\` and \`auth.<function>()\` in RLS policies are being unnecessarily re-evaluated for each row,Table \`public.dashboard_settings\` has a row level security policy \`dashboard_settings_select_own\` that re-evaluates current_setting() or auth.<function>() for each row. This produces suboptimal query performance at scale. Resolve the issue by replacing \`auth.<function>()\` with \`(select auth.<function>())\`. See [docs](https://supabase.com/docs/guides/database/postgres/row-level-security#call-functions-with-select) for more info.,https://supabase.com/docs/guides/database/database-linter?lint=0003_auth_rls_initplan,"{""name"":""dashboard_settings"",""type"":""table"",""schema"":""public""}",auth_rls_init_plan_public_dashboard_settings_dashboard_settings_select_own
auth_rls_initplan,Auth RLS Initialization Plan,WARN,EXTERNAL,"[""PERFORMANCE""]",Detects if calls to \`current_setting()\` and \`auth.<function>()\` in RLS policies are being unnecessarily re-evaluated for each row,Table \`public.dashboard_settings\` has a row level security policy \`dashboard_settings_insert_own\` that re-evaluates current_setting() or auth.<function>() for each row. This produces suboptimal query performance at scale. Resolve the issue by replacing \`auth.<function>()\` with \`(select auth.<function>())\`. See [docs](https://supabase.com/docs/guides/database/postgres/row-level-security#call-functions-with-select) for more info.,https://supabase.com/docs/guides/database/database-linter?lint=0003_auth_rls_initplan,"{""name"":""dashboard_settings"",""type"":""table"",""schema"":""public""}",auth_rls_init_plan_public_dashboard_settings_dashboard_settings_insert_own
auth_rls_initplan,Auth RLS Initialization Plan,WARN,EXTERNAL,"[""PERFORMANCE""]",Detects if calls to \`current_setting()\` and \`auth.<function>()\` in RLS policies are being unnecessarily re-evaluated for each row,Table \`public.payout_requests\` has a row level security policy \`Users can update their own pending payout requests\` that re-evaluates current_setting() or auth.<function>() for each row. This produces suboptimal query performance at scale. Resolve the issue by replacing \`auth.<function>()\` with \`(select auth.<function>())\`. See [docs](https://supabase.com/docs/guides/database/postgres/row-level-security#call-functions-with-select) for more info.,https://supabase.com/docs/guides/database/database-linter?lint=0003_auth_rls_initplan,"{""name"":""payout_requests"",""type"":""table"",""schema"":""public""}",auth_rls_init_plan_public_payout_requests_Users can update their own pending payout requests
auth_rls_initplan,Auth RLS Initialization Plan,WARN,EXTERNAL,"[""PERFORMANCE""]",Detects if calls to \`current_setting()\` and \`auth.<function>()\` in RLS policies are being unnecessarily re-evaluated for each row,Table \`public.dashboard_settings\` has a row level security policy \`dashboard_settings_update_own\` that re-evaluates current_setting() or auth.<function>() for each row. This produces suboptimal query performance at scale. Resolve the issue by replacing \`auth.<function>()\` with \`(select auth.<function>())\`. See [docs](https://supabase.com/docs/guides/database/postgres/row-level-security#call-functions-with-select) for more info.,https://supabase.com/docs/guides/database/database-linter?lint=0003_auth_rls_initplan,"{""name"":""dashboard_settings"",""type"":""table"",""schema"":""public""}",auth_rls_init_plan_public_dashboard_settings_dashboard_settings_update_own
auth_rls_initplan,Auth RLS Initialization Plan,WARN,EXTERNAL,"[""PERFORMANCE""]",Detects if calls to \`current_setting()\` and \`auth.<function>()\` in RLS policies are being unnecessarily re-evaluated for each row,Table \`public.dashboard_settings\` has a row level security policy \`dashboard_settings_delete_own\` that re-evaluates current_setting() or auth.<function>() for each row. This produces suboptimal query performance at scale. Resolve the issue by replacing \`auth.<function>()\` with \`(select auth.<function>())\`. See [docs](https://supabase.com/docs/guides/database/postgres/row-level-security#call-functions-with-select) for more info.,https://supabase.com/docs/guides/database/database-linter?lint=0003_auth_rls_initplan,"{""name"":""dashboard_settings"",""type"":""table"",""schema"":""public""}",auth_rls_init_plan_public_dashboard_settings_dashboard_settings_delete_own
auth_rls_initplan,Auth RLS Initialization Plan,WARN,EXTERNAL,"[""PERFORMANCE""]",Detects if calls to \`current_setting()\` and \`auth.<function>()\` in RLS policies are being unnecessarily re-evaluated for each row,Table \`public.profiles\` has a row level security policy \`profiles_update_admin\` that re-evaluates current_setting() or auth.<function>() for each row. This produces suboptimal query performance at scale. Resolve the issue by replacing \`auth.<function>()\` with \`(select auth.<function>())\`. See [docs](https://supabase.com/docs/guides/database/postgres/row-level-security#call-functions-with-select) for more info.,https://supabase.com/docs/guides/database/database-linter?lint=0003_auth_rls_initplan,"{""name"":""profiles"",""type"":""table"",""schema"":""public""}",auth_rls_init_plan_public_profiles_profiles_update_admin
auth_rls_initplan,Auth RLS Initialization Plan,WARN,EXTERNAL,"[""PERFORMANCE""]",Detects if calls to \`current_setting()\` and \`auth.<function>()\` in RLS policies are being unnecessarily re-evaluated for each row,Table \`public.profiles\` has a row level security policy \`profiles_delete_admin\` that re-evaluates current_setting() or auth.<function>() for each row. This produces suboptimal query performance at scale. Resolve the issue by replacing \`auth.<function>()\` with \`(select auth.<function>())\`. See [docs](https://supabase.com/docs/guides/database/postgres/row-level-security#call-functions-with-select) for more info.,https://supabase.com/docs/guides/database/database-linter?lint=0003_auth_rls_initplan,"{""name"":""profiles"",""type"":""table"",""schema"":""public""}",auth_rls_init_plan_public_profiles_profiles_delete_admin
auth_rls_initplan,Auth RLS Initialization Plan,WARN,EXTERNAL,"[""PERFORMANCE""]",Detects if calls to \`current_setting()\` and \`auth.<function>()\` in RLS policies are being unnecessarily re-evaluated for each row,Table \`public.notifications\` has a row level security policy \`Users view own notifications\` that re-evaluates current_setting() or auth.<function>() for each row. This produces suboptimal query performance at scale. Resolve the issue by replacing \`auth.<function>()\` with \`(select auth.<function>())\`. See [docs](https://supabase.com/docs/guides/database/postgres/row-level-security#call-functions-with-select) for more info.,https://supabase.com/docs/guides/database/database-linter?lint=0003_auth_rls_initplan,"{""name"":""notifications"",""type"":""table"",""schema"":""public""}",auth_rls_init_plan_public_notifications_Users view own notifications
auth_rls_initplan,Auth RLS Initialization Plan,WARN,EXTERNAL,"[""PERFORMANCE""]",Detects if calls to \`current_setting()\` and \`auth.<function>()\` in RLS policies are being unnecessarily re-evaluated for each row,Table \`public.notifications\` has a row level security policy \`Users update own notifications\` that re-evaluates current_setting() or auth.<function>() for each row. This produces suboptimal query performance at scale. Resolve the issue by replacing \`auth.<function>()\` with \`(select auth.<function>())\`. See [docs](https://supabase.com/docs/guides/database/postgres/row-level-security#call-functions-with-select) for more info.,https://supabase.com/docs/guides/database/database-linter?lint=0003_auth_rls_initplan,"{""name"":""notifications"",""type"":""table"",""schema"":""public""}",auth_rls_init_plan_public_notifications_Users update own notifications
auth_rls_initplan,Auth RLS Initialization Plan,WARN,EXTERNAL,"[""PERFORMANCE""]",Detects if calls to \`current_setting()\` and \`auth.<function>()\` in RLS policies are being unnecessarily re-evaluated for each row,Table \`public.roles\` has a row level security policy \`roles_select_all_auth\` that re-evaluates current_setting() or auth.<function>() for each row. This produces suboptimal query performance at scale. Resolve the issue by replacing \`auth.<function>()\` with \`(select auth.<function>())\`. See [docs](https://supabase.com/docs/guides/database/postgres/row-level-security#call-functions-with-select) for more info.,https://supabase.com/docs/guides/database/database-linter?lint=0003_auth_rls_initplan,"{""name"":""roles"",""type"":""table"",""schema"":""public""}",auth_rls_init_plan_public_roles_roles_select_all_auth
auth_rls_initplan,Auth RLS Initialization Plan,WARN,EXTERNAL,"[""PERFORMANCE""]",Detects if calls to \`current_setting()\` and \`auth.<function>()\` in RLS policies are being unnecessarily re-evaluated for each row,Table \`public.site_visit_costs\` has a row level security policy \`Admins and supervisors can manage site visit costs\` that re-evaluates current_setting() or auth.<function>() for each row. This produces suboptimal query performance at scale. Resolve the issue by replacing \`auth.<function>()\` with \`(select auth.<function>())\`. See [docs](https://supabase.com/docs/guides/database/postgres/row-level-security#call-functions-with-select) for more info.,https://supabase.com/docs/guides/database/database-linter?lint=0003_auth_rls_initplan,"{""name"":""site_visit_costs"",""type"":""table"",""schema"":""public""}",auth_rls_init_plan_public_site_visit_costs_Admins and supervisors can manage site visit costs
auth_rls_initplan,Auth RLS Initialization Plan,WARN,EXTERNAL,"[""PERFORMANCE""]",Detects if calls to \`current_setting()\` and \`auth.<function>()\` in RLS policies are being unnecessarily re-evaluated for each row,Table \`public.notifications\` has a row level security policy \`Users delete own notifications\` that re-evaluates current_setting() or auth.<function>() for each row. This produces suboptimal query performance at scale. Resolve the issue by replacing \`auth.<function>()\` with \`(select auth.<function>())\`. See [docs](https://supabase.com/docs/guides/database/postgres/row-level-security#call-functions-with-select) for more info.,https://supabase.com/docs/guides/database/database-linter?lint=0003_auth_rls_initplan,"{""name"":""notifications"",""type"":""table"",""schema"":""public""}",auth_rls_init_plan_public_notifications_Users delete own notifications
auth_rls_initplan,Auth RLS Initialization Plan,WARN,EXTERNAL,"[""PERFORMANCE""]",Detects if calls to \`current_setting()\` and \`auth.<function>()\` in RLS policies are being unnecessarily re-evaluated for each row,Table \`public.payout_requests\` has a row level security policy \`payout_update_self_cancel\` that re-evaluates current_setting() or auth.<function>() for each row. This produces suboptimal query performance at scale. Resolve the issue by replacing \`auth.<function>()\` with \`(select auth.<function>())\`. See [docs](https://supabase.com/docs/guides/database/postgres/row-level-security#call-functions-with-select) for more info.,https://supabase.com/docs/guides/database/database-linter?lint=0003_auth_rls_initplan,"{""name"":""payout_requests"",""type"":""table"",""schema"":""public""}",auth_rls_init_plan_public_payout_requests_payout_update_self_cancel
auth_rls_initplan,Auth RLS Initialization Plan,WARN,EXTERNAL,"[""PERFORMANCE""]",Detects if calls to \`current_setting()\` and \`auth.<function>()\` in RLS policies are being unnecessarily re-evaluated for each row,Table \`public.permissions\` has a row level security policy \`permissions_select_all_auth\` that re-evaluates current_setting() or auth.<function>() for each row. This produces suboptimal query performance at scale. Resolve the issue by replacing \`auth.<function>()\` with \`(select auth.<function>())\`. See [docs](https://supabase.com/docs/guides/database/postgres/row-level-security#call-functions-with-select) for more info.,https://supabase.com/docs/guides/database/database-linter?lint=0003_auth_rls_initplan,"{""name"":""permissions"",""type"":""table"",""schema"":""public""}",auth_rls_init_plan_public_permissions_permissions_select_all_auth
auth_rls_initplan,Auth RLS Initialization Plan,WARN,EXTERNAL,"[""PERFORMANCE""]",Detects if calls to \`current_setting()\` and \`auth.<function>()\` in RLS policies are being unnecessarily re-evaluated for each row,Table \`public.incident_reports\` has a row level security policy \`Users can view their own incident reports\` that re-evaluates current_setting() or auth.<function>() for each row. This produces suboptimal query performance at scale. Resolve the issue by replacing \`auth.<function>()\` with \`(select auth.<function>())\`. See [docs](https://supabase.com/docs/guides/database/postgres/row-level-security#call-functions-with-select) for more info.,https://supabase.com/docs/guides/database/database-linter?lint=0003_auth_rls_initplan,"{""name"":""incident_reports"",""type"":""table"",""schema"":""public""}",auth_rls_init_plan_public_incident_reports_Users can view their own incident reports
auth_rls_initplan,Auth RLS Initialization Plan,WARN,EXTERNAL,"[""PERFORMANCE""]",Detects if calls to \`current_setting()\` and \`auth.<function>()\` in RLS policies are being unnecessarily re-evaluated for each row,Table \`public.incident_reports\` has a row level security policy \`Users can insert their own incident reports\` that re-evaluates current_setting() or auth.<function>() for each row. This produces suboptimal query performance at scale. Resolve the issue by replacing \`auth.<function>()\` with \`(select auth.<function>())\`. See [docs](https://supabase.com/docs/guides/database/postgres/row-level-security#call-functions-with-select) for more info.,https://supabase.com/docs/guides/database/database-linter?lint=0003_auth_rls_initplan,"{""name"":""incident_reports"",""type"":""table"",""schema"":""public""}",auth_rls_init_plan_public_incident_reports_Users can insert their own incident reports
auth_rls_initplan,Auth RLS Initialization Plan,WARN,EXTERNAL,"[""PERFORMANCE""]",Detects if calls to \`current_setting()\` and \`auth.<function>()\` in RLS policies are being unnecessarily re-evaluated for each row,Table \`public.incident_reports\` has a row level security policy \`Users can update their own incident reports\` that re-evaluates current_setting() or auth.<function>() for each row. This produces suboptimal query performance at scale. Resolve the issue by replacing \`auth.<function>()\` with \`(select auth.<function>())\`. See [docs](https://supabase.com/docs/guides/database/postgres/row-level-security#call-functions-with-select) for more info.,https://supabase.com/docs/guides/database/database-linter?lint=0003_auth_rls_initplan,"{""name"":""incident_reports"",""type"":""table"",""schema"":""public""}",auth_rls_init_plan_public_incident_reports_Users can update their own incident reports
auth_rls_initplan,Auth RLS Initialization Plan,WARN,EXTERNAL,"[""PERFORMANCE""]",Detects if calls to \`current_setting()\` and \`auth.<function>()\` in RLS policies are being unnecessarily re-evaluated for each row,Table \`public.incident_reports\` has a row level security policy \`Users can delete their own incident reports\` that re-evaluates current_setting() or auth.<function>() for each row. This produces suboptimal query performance at scale. Resolve the issue by replacing \`auth.<function>()\` with \`(select auth.<function>())\`. See [docs](https://supabase.com/docs/guides/database/postgres/row-level-security#call-functions-with-select) for more info.,https://supabase.com/docs/guides/database/database-linter?lint=0003_auth_rls_initplan,"{""name"":""incident_reports"",""type"":""table"",""schema"":""public""}",auth_rls_init_plan_public_incident_reports_Users can delete their own incident reports
auth_rls_initplan,Auth RLS Initialization Plan,WARN,EXTERNAL,"[""PERFORMANCE""]",Detects if calls to \`current_setting()\` and \`auth.<function>()\` in RLS policies are being unnecessarily re-evaluated for each row,Table \`public.comprehensive_monitoring_checklists\` has a row level security policy \`Users can update own checklists\` that re-evaluates current_setting() or auth.<function>() for each row. This produces suboptimal query performance at scale. Resolve the issue by replacing \`auth.<function>()\` with \`(select auth.<function>())\`. See [docs](https://supabase.com/docs/guides/database/postgres/row-level-security#call-functions-with-select) for more info.,https://supabase.com/docs/guides/database/database-linter?lint=0003_auth_rls_initplan,"{""name"":""comprehensive_monitoring_checklists"",""type"":""table"",""schema"":""public""}",auth_rls_init_plan_public_comprehensive_monitoring_checklists_Users can update own checklists
auth_rls_initplan,Auth RLS Initialization Plan,WARN,EXTERNAL,"[""PERFORMANCE""]",Detects if calls to \`current_setting()\` and \`auth.<function>()\` in RLS policies are being unnecessarily re-evaluated for each row,Table \`public.comprehensive_monitoring_checklists\` has a row level security policy \`Users can delete own checklists\` that re-evaluates current_setting() or auth.<function>() for each row. This produces suboptimal query performance at scale. Resolve the issue by replacing \`auth.<function>()\` with \`(select auth.<function>())\`. See [docs](https://supabase.com/docs/guides/database/postgres/row-level-security#call-functions-with-select) for more info.,https://supabase.com/docs/guides/database/database-linter?lint=0003_auth_rls_initplan,"{""name"":""comprehensive_monitoring_checklists"",""type"":""table"",""schema"":""public""}",auth_rls_init_plan_public_comprehensive_monitoring_checklists_Users can delete own checklists
auth_rls_initplan,Auth RLS Initialization Plan,WARN,EXTERNAL,"[""PERFORMANCE""]",Detects if calls to \`current_setting()\` and \`auth.<function>()\` in RLS policies are being unnecessarily re-evaluated for each row,Table \`public.comprehensive_monitoring_checklists\` has a row level security policy \`Admins can view all checklists\` that re-evaluates current_setting() or auth.<function>() for each row. This produces suboptimal query performance at scale. Resolve the issue by replacing \`auth.<function>()\` with \`(select auth.<function>())\`. See [docs](https://supabase.com/docs/guides/database/postgres/row-level-security#call-functions-with-select) for more info.,https://supabase.com/docs/guides/database/database-linter?lint=0003_auth_rls_initplan,"{""name"":""comprehensive_monitoring_checklists"",""type"":""table"",""schema"":""public""}",auth_rls_init_plan_public_comprehensive_monitoring_checklists_Admins can view all checklists
auth_rls_initplan,Auth RLS Initialization Plan,WARN,EXTERNAL,"[""PERFORMANCE""]",Detects if calls to \`current_setting()\` and \`auth.<function>()\` in RLS policies are being unnecessarily re-evaluated for each row,Table \`public.user_roles\` has a row level security policy \`user_roles_select_self_or_admin\` that re-evaluates current_setting() or auth.<function>() for each row. This produces suboptimal query performance at scale. Resolve the issue by replacing \`auth.<function>()\` with \`(select auth.<function>())\`. See [docs](https://supabase.com/docs/guides/database/postgres/row-level-security#call-functions-with-select) for more info.,https://supabase.com/docs/guides/database/database-linter?lint=0003_auth_rls_initplan,"{""name"":""user_roles"",""type"":""table"",""schema"":""public""}",auth_rls_init_plan_public_user_roles_user_roles_select_self_or_admin
auth_rls_initplan,Auth RLS Initialization Plan,WARN,EXTERNAL,"[""PERFORMANCE""]",Detects if calls to \`current_setting()\` and \`auth.<function>()\` in RLS policies are being unnecessarily re-evaluated for each row,Table \`public.user_roles\` has a row level security policy \`user_roles_modify_admin_ict\` that re-evaluates current_setting() or auth.<function>() for each row. This produces suboptimal query performance at scale. Resolve the issue by replacing \`auth.<function>()\` with \`(select auth.<function>())\`. See [docs](https://supabase.com/docs/guides/database/postgres/row-level-security#call-functions-with-select) for more info.,https://supabase.com/docs/guides/database/database-linter?lint=0003_auth_rls_initplan,"{""name"":""user_roles"",""type"":""table"",""schema"":""public""}",auth_rls_init_plan_public_user_roles_user_roles_modify_admin_ict
auth_rls_initplan,Auth RLS Initialization Plan,WARN,EXTERNAL,"[""PERFORMANCE""]",Detects if calls to \`current_setting()\` and \`auth.<function>()\` in RLS policies are being unnecessarily re-evaluated for each row,Table \`public.roles\` has a row level security policy \`roles_modify_admin_only\` that re-evaluates current_setting() or auth.<function>() for each row. This produces suboptimal query performance at scale. Resolve the issue by replacing \`auth.<function>()\` with \`(select auth.<function>())\`. See [docs](https://supabase.com/docs/guides/database/postgres/row-level-security#call-functions-with-select) for more info.,https://supabase.com/docs/guides/database/database-linter?lint=0003_auth_rls_initplan,"{""name"":""roles"",""type"":""table"",""schema"":""public""}",auth_rls_init_plan_public_roles_roles_modify_admin_only
auth_rls_initplan,Auth RLS Initialization Plan,WARN,EXTERNAL,"[""PERFORMANCE""]",Detects if calls to \`current_setting()\` and \`auth.<function>()\` in RLS policies are being unnecessarily re-evaluated for each row,Table \`public.permissions\` has a row level security policy \`permissions_modify_admin_only\` that re-evaluates current_setting() or auth.<function>() for each row. This produces suboptimal query performance at scale. Resolve the issue by replacing \`auth.<function>()\` with \`(select auth.<function>())\`. See [docs](https://supabase.com/docs/guides/database/postgres/row-level-security#call-functions-with-select) for more info.,https://supabase.com/docs/guides/database/database-linter?lint=0003_auth_rls_initplan,"{""name"":""permissions"",""type"":""table"",""schema"":""public""}",auth_rls_init_plan_public_permissions_permissions_modify_admin_only
auth_rls_initplan,Auth RLS Initialization Plan,WARN,EXTERNAL,"[""PERFORMANCE""]",Detects if calls to \`current_setting()\` and \`auth.<function>()\` in RLS policies are being unnecessarily re-evaluated for each row,Table \`public.profiles\` has a row level security policy \`profiles_admin_update\` that re-evaluates current_setting() or auth.<function>() for each row. This produces suboptimal query performance at scale. Resolve the issue by replacing \`auth.<function>()\` with \`(select auth.<function>())\`. See [docs](https://supabase.com/docs/guides/database/postgres/row-level-security#call-functions-with-select) for more info.,https://supabase.com/docs/guides/database/database-linter?lint=0003_auth_rls_initplan,"{""name"":""profiles"",""type"":""table"",""schema"":""public""}",auth_rls_init_plan_public_profiles_profiles_admin_update
auth_rls_initplan,Auth RLS Initialization Plan,WARN,EXTERNAL,"[""PERFORMANCE""]",Detects if calls to \`current_setting()\` and \`auth.<function>()\` in RLS policies are being unnecessarily re-evaluated for each row,Table \`public.feedback\` has a row level security policy \`feedback_select_own\` that re-evaluates current_setting() or auth.<function>() for each row. This produces suboptimal query performance at scale. Resolve the issue by replacing \`auth.<function>()\` with \`(select auth.<function>())\`. See [docs](https://supabase.com/docs/guides/database/postgres/row-level-security#call-functions-with-select) for more info.,https://supabase.com/docs/guides/database/database-linter?lint=0003_auth_rls_initplan,"{""name"":""feedback"",""type"":""table"",""schema"":""public""}",auth_rls_init_plan_public_feedback_feedback_select_own
auth_rls_initplan,Auth RLS Initialization Plan,WARN,EXTERNAL,"[""PERFORMANCE""]",Detects if calls to \`current_setting()\` and \`auth.<function>()\` in RLS policies are being unnecessarily re-evaluated for each row,Table \`public.feedback\` has a row level security policy \`feedback_select_admin\` that re-evaluates current_setting() or auth.<function>() for each row. This produces suboptimal query performance at scale. Resolve the issue by replacing \`auth.<function>()\` with \`(select auth.<function>())\`. See [docs](https://supabase.com/docs/guides/database/postgres/row-level-security#call-functions-with-select) for more info.,https://supabase.com/docs/guides/database/database-linter?lint=0003_auth_rls_initplan,"{""name"":""feedback"",""type"":""table"",""schema"":""public""}",auth_rls_init_plan_public_feedback_feedback_select_admin
auth_rls_initplan,Auth RLS Initialization Plan,WARN,EXTERNAL,"[""PERFORMANCE""]",Detects if calls to \`current_setting()\` and \`auth.<function>()\` in RLS policies are being unnecessarily re-evaluated for each row,Table \`public.feedback\` has a row level security policy \`feedback_update_admin\` that re-evaluates current_setting() or auth.<function>() for each row. This produces suboptimal query performance at scale. Resolve the issue by replacing \`auth.<function>()\` with \`(select auth.<function>())\`. See [docs](https://supabase.com/docs/guides/database/postgres/row-level-security#call-functions-with-select) for more info.,https://supabase.com/docs/guides/database/database-linter?lint=0003_auth_rls_initplan,"{""name"":""feedback"",""type"":""table"",""schema"":""public""}",auth_rls_init_plan_public_feedback_feedback_update_admin
auth_rls_initplan,Auth RLS Initialization Plan,WARN,EXTERNAL,"[""PERFORMANCE""]",Detects if calls to \`current_setting()\` and \`auth.<function>()\` in RLS policies are being unnecessarily re-evaluated for each row,Table \`public.profiles\` has a row level security policy \`profiles_update_admin_ict\` that re-evaluates current_setting() or auth.<function>() for each row. This produces suboptimal query performance at scale. Resolve the issue by replacing \`auth.<function>()\` with \`(select auth.<function>())\`. See [docs](https://supabase.com/docs/guides/database/postgres/row-level-security#call-functions-with-select) for more info.,https://supabase.com/docs/guides/database/database-linter?lint=0003_auth_rls_initplan,"{""name"":""profiles"",""type"":""table"",""schema"":""public""}",auth_rls_init_plan_public_profiles_profiles_update_admin_ict
auth_rls_initplan,Auth RLS Initialization Plan,WARN,EXTERNAL,"[""PERFORMANCE""]",Detects if calls to \`current_setting()\` and \`auth.<function>()\` in RLS policies are being unnecessarily re-evaluated for each row,Table \`public.mmp_site_entries\` has a row level security policy \`Allow update mmp_site_entries for authenticated\` that re-evaluates current_setting() or auth.<function>() for each row. This produces suboptimal query performance at scale. Resolve the issue by replacing \`auth.<function>()\` with \`(select auth.<function>())\`. See [docs](https://supabase.com/docs/guides/database/postgres/row-level-security#call-functions-with-select) for more info.,https://supabase.com/docs/guides/database/database-linter?lint=0003_auth_rls_initplan,"{""name"":""mmp_site_entries"",""type"":""table"",""schema"":""public""}",auth_rls_init_plan_public_mmp_site_entries_Allow update mmp_site_entries for authenticated
auth_rls_initplan,Auth RLS Initialization Plan,WARN,EXTERNAL,"[""PERFORMANCE""]",Detects if calls to \`current_setting()\` and \`auth.<function>()\` in RLS policies are being unnecessarily re-evaluated for each row,Table \`public.chat_participants\` has a row level security policy \`chat_participants_select_self\` that re-evaluates current_setting() or auth.<function>() for each row. This produces suboptimal query performance at scale. Resolve the issue by replacing \`auth.<function>()\` with \`(select auth.<function>())\`. See [docs](https://supabase.com/docs/guides/database/postgres/row-level-security#call-functions-with-select) for more info.,https://supabase.com/docs/guides/database/database-linter?lint=0003_auth_rls_initplan,"{""name"":""chat_participants"",""type"":""table"",""schema"":""public""}",auth_rls_init_plan_public_chat_participants_chat_participants_select_self
auth_rls_initplan,Auth RLS Initialization Plan,WARN,EXTERNAL,"[""PERFORMANCE""]",Detects if calls to \`current_setting()\` and \`auth.<function>()\` in RLS policies are being unnecessarily re-evaluated for each row,Table \`public.wallet_settings\` has a row level security policy \`Users can manage their own wallet settings\` that re-evaluates current_setting() or auth.<function>() for each row. This produces suboptimal query performance at scale. Resolve the issue by replacing \`auth.<function>()\` with \`(select auth.<function>())\`. See [docs](https://supabase.com/docs/guides/database/postgres/row-level-security#call-functions-with-select) for more info.,https://supabase.com/docs/guides/database/database-linter?lint=0003_auth_rls_initplan,"{""name"":""wallet_settings"",""type"":""table"",""schema"":""public""}",auth_rls_init_plan_public_wallet_settings_Users can manage their own wallet settings
auth_rls_initplan,Auth RLS Initialization Plan,WARN,EXTERNAL,"[""PERFORMANCE""]",Detects if calls to \`current_setting()\` and \`auth.<function>()\` in RLS policies are being unnecessarily re-evaluated for each row,Table \`public.withdrawal_requests\` has a row level security policy \`Users can view their own withdrawal requests\` that re-evaluates current_setting() or auth.<function>() for each row. This produces suboptimal query performance at scale. Resolve the issue by replacing \`auth.<function>()\` with \`(select auth.<function>())\`. See [docs](https://supabase.com/docs/guides/database/postgres/row-level-security#call-functions-with-select) for more info.,https://supabase.com/docs/guides/database/database-linter?lint=0003_auth_rls_initplan,"{""name"":""withdrawal_requests"",""type"":""table"",""schema"":""public""}",auth_rls_init_plan_public_withdrawal_requests_Users can view their own withdrawal requests
auth_rls_initplan,Auth RLS Initialization Plan,WARN,EXTERNAL,"[""PERFORMANCE""]",Detects if calls to \`current_setting()\` and \`auth.<function>()\` in RLS policies are being unnecessarily re-evaluated for each row,Table \`public.location_logs\` has a row level security policy \`location_logs_select_own\` that re-evaluates current_setting() or auth.<function>() for each row. This produces suboptimal query performance at scale. Resolve the issue by replacing \`auth.<function>()\` with \`(select auth.<function>())\`. See [docs](https://supabase.com/docs/guides/database/postgres/row-level-security#call-functions-with-select) for more info.,https://supabase.com/docs/guides/database/database-linter?lint=0003_auth_rls_initplan,"{""name"":""location_logs"",""type"":""table"",""schema"":""public""}",auth_rls_init_plan_public_location_logs_location_logs_select_own
auth_rls_initplan,Auth RLS Initialization Plan,WARN,EXTERNAL,"[""PERFORMANCE""]",Detects if calls to \`current_setting()\` and \`auth.<function>()\` in RLS policies are being unnecessarily re-evaluated for each row,Table \`public.location_logs\` has a row level security policy \`location_logs_insert_own\` that re-evaluates current_setting() or auth.<function>() for each row. This produces suboptimal query performance at scale. Resolve the issue by replacing \`auth.<function>()\` with \`(select auth.<function>())\`. See [docs](https://supabase.com/docs/guides/database/postgres/row-level-security#call-functions-with-select) for more info.,https://supabase.com/docs/guides/database/database-linter?lint=0003_auth_rls_initplan,"{""name"":""location_logs"",""type"":""table"",""schema"":""public""}",auth_rls_init_plan_public_location_logs_location_logs_insert_own
auth_rls_initplan,Auth RLS Initialization Plan,WARN,EXTERNAL,"[""PERFORMANCE""]",Detects if calls to \`current_setting()\` and \`auth.<function>()\` in RLS policies are being unnecessarily re-evaluated for each row,Table \`public.withdrawal_requests\` has a row level security policy \`Users can create their own withdrawal requests\` that re-evaluates current_setting() or auth.<function>() for each row. This produces suboptimal query performance at scale. Resolve the issue by replacing \`auth.<function>()\` with \`(select auth.<function>())\`. See [docs](https://supabase.com/docs/guides/database/postgres/row-level-security#call-functions-with-select) for more info.,https://supabase.com/docs/guides/database/database-linter?lint=0003_auth_rls_initplan,"{""name"":""withdrawal_requests"",""type"":""table"",""schema"":""public""}",auth_rls_init_plan_public_withdrawal_requests_Users can create their own withdrawal requests
auth_rls_initplan,Auth RLS Initialization Plan,WARN,EXTERNAL,"[""PERFORMANCE""]",Detects if calls to \`current_setting()\` and \`auth.<function>()\` in RLS policies are being unnecessarily re-evaluated for each row,Table \`public.withdrawal_requests\` has a row level security policy \`Users can update their own pending withdrawal requests\` that re-evaluates current_setting() or auth.<function>() for each row. This produces suboptimal query performance at scale. Resolve the issue by replacing \`auth.<function>()\` with \`(select auth.<function>())\`. See [docs](https://supabase.com/docs/guides/database/postgres/row-level-security#call-functions-with-select) for more info.,https://supabase.com/docs/guides/database/database-linter?lint=0003_auth_rls_initplan,"{""name"":""withdrawal_requests"",""type"":""table"",""schema"":""public""}",auth_rls_init_plan_public_withdrawal_requests_Users can update their own pending withdrawal requests
auth_rls_initplan,Auth RLS Initialization Plan,WARN,EXTERNAL,"[""PERFORMANCE""]",Detects if calls to \`current_setting()\` and \`auth.<function>()\` in RLS policies are being unnecessarily re-evaluated for each row,Table \`public.site_visit_cost_submissions\` has a row level security policy \`Users can create submissions\` that re-evaluates current_setting() or auth.<function>() for each row. This produces suboptimal query performance at scale. Resolve the issue by replacing \`auth.<function>()\` with \`(select auth.<function>())\`. See [docs](https://supabase.com/docs/guides/database/postgres/row-level-security#call-functions-with-select) for more info.,https://supabase.com/docs/guides/database/database-linter?lint=0003_auth_rls_initplan,"{""name"":""site_visit_cost_submissions"",""type"":""table"",""schema"":""public""}",auth_rls_init_plan_public_site_visit_cost_submissions_Users can create submissions
auth_rls_initplan,Auth RLS Initialization Plan,WARN,EXTERNAL,"[""PERFORMANCE""]",Detects if calls to \`current_setting()\` and \`auth.<function>()\` in RLS policies are being unnecessarily re-evaluated for each row,Table \`public.site_visit_cost_submissions\` has a row level security policy \`Users can update own pending submissions\` that re-evaluates current_setting() or auth.<function>() for each row. This produces suboptimal query performance at scale. Resolve the issue by replacing \`auth.<function>()\` with \`(select auth.<function>())\`. See [docs](https://supabase.com/docs/guides/database/postgres/row-level-security#call-functions-with-select) for more info.,https://supabase.com/docs/guides/database/database-linter?lint=0003_auth_rls_initplan,"{""name"":""site_visit_cost_submissions"",""type"":""table"",""schema"":""public""}",auth_rls_init_plan_public_site_visit_cost_submissions_Users can update own pending submissions
auth_rls_initplan,Auth RLS Initialization Plan,WARN,EXTERNAL,"[""PERFORMANCE""]",Detects if calls to \`current_setting()\` and \`auth.<function>()\` in RLS policies are being unnecessarily re-evaluated for each row,Table \`public.mmp_site_entries\` has a row level security policy \`Allow delete mmp_site_entries for authenticated\` that re-evaluates current_setting() or auth.<function>() for each row. This produces suboptimal query performance at scale. Resolve the issue by replacing \`auth.<function>()\` with \`(select auth.<function>())\`. See [docs](https://supabase.com/docs/guides/database/postgres/row-level-security#call-functions-with-select) for more info.,https://supabase.com/docs/guides/database/database-linter?lint=0003_auth_rls_initplan,"{""name"":""mmp_site_entries"",""type"":""table"",""schema"":""public""}",auth_rls_init_plan_public_mmp_site_entries_Allow delete mmp_site_entries for authenticated
auth_rls_initplan,Auth RLS Initialization Plan,WARN,EXTERNAL,"[""PERFORMANCE""]",Detects if calls to \`current_setting()\` and \`auth.<function>()\` in RLS policies are being unnecessarily re-evaluated for each row,Table \`public.site_locations\` has a row level security policy \`Allow select site_locations for authenticated\` that re-evaluates current_setting() or auth.<function>() for each row. This produces suboptimal query performance at scale. Resolve the issue by replacing \`auth.<function>()\` with \`(select auth.<function>())\`. See [docs](https://supabase.com/docs/guides/database/postgres/row-level-security#call-functions-with-select) for more info.,https://supabase.com/docs/guides/database/database-linter?lint=0003_auth_rls_initplan,"{""name"":""site_locations"",""type"":""table"",""schema"":""public""}",auth_rls_init_plan_public_site_locations_Allow select site_locations for authenticated
auth_rls_initplan,Auth RLS Initialization Plan,WARN,EXTERNAL,"[""PERFORMANCE""]",Detects if calls to \`current_setting()\` and \`auth.<function>()\` in RLS policies are being unnecessarily re-evaluated for each row,Table \`public.wallet_balances\` has a row level security policy \`wallet_balances_all_auth\` that re-evaluates current_setting() or auth.<function>() for each row. This produces suboptimal query performance at scale. Resolve the issue by replacing \`auth.<function>()\` with \`(select auth.<function>())\`. See [docs](https://supabase.com/docs/guides/database/postgres/row-level-security#call-functions-with-select) for more info.,https://supabase.com/docs/guides/database/database-linter?lint=0003_auth_rls_initplan,"{""name"":""wallet_balances"",""type"":""table"",""schema"":""public""}",auth_rls_init_plan_public_wallet_balances_wallet_balances_all_auth
auth_rls_initplan,Auth RLS Initialization Plan,WARN,EXTERNAL,"[""PERFORMANCE""]",Detects if calls to \`current_setting()\` and \`auth.<function>()\` in RLS policies are being unnecessarily re-evaluated for each row,Table \`public.project_budgets\` has a row level security policy \`project_budgets_all_auth\` that re-evaluates current_setting() or auth.<function>() for each row. This produces suboptimal query performance at scale. Resolve the issue by replacing \`auth.<function>()\` with \`(select auth.<function>())\`. See [docs](https://supabase.com/docs/guides/database/postgres/row-level-security#call-functions-with-select) for more info.,https://supabase.com/docs/guides/database/database-linter?lint=0003_auth_rls_initplan,"{""name"":""project_budgets"",""type"":""table"",""schema"":""public""}",auth_rls_init_plan_public_project_budgets_project_budgets_all_auth
auth_rls_initplan,Auth RLS Initialization Plan,WARN,EXTERNAL,"[""PERFORMANCE""]",Detects if calls to \`current_setting()\` and \`auth.<function>()\` in RLS policies are being unnecessarily re-evaluated for each row,Table \`public.mmp_budgets\` has a row level security policy \`mmp_budgets_all_auth\` that re-evaluates current_setting() or auth.<function>() for each row. This produces suboptimal query performance at scale. Resolve the issue by replacing \`auth.<function>()\` with \`(select auth.<function>())\`. See [docs](https://supabase.com/docs/guides/database/postgres/row-level-security#call-functions-with-select) for more info.,https://supabase.com/docs/guides/database/database-linter?lint=0003_auth_rls_initplan,"{""name"":""mmp_budgets"",""type"":""table"",""schema"":""public""}",auth_rls_init_plan_public_mmp_budgets_mmp_budgets_all_auth
auth_rls_initplan,Auth RLS Initialization Plan,WARN,EXTERNAL,"[""PERFORMANCE""]",Detects if calls to \`current_setting()\` and \`auth.<function>()\` in RLS policies are being unnecessarily re-evaluated for each row,Table \`public.budget_transactions\` has a row level security policy \`budget_transactions_all_auth\` that re-evaluates current_setting() or auth.<function>() for each row. This produces suboptimal query performance at scale. Resolve the issue by replacing \`auth.<function>()\` with \`(select auth.<function>())\`. See [docs](https://supabase.com/docs/guides/database/postgres/row-level-security#call-functions-with-select) for more info.,https://supabase.com/docs/guides/database/database-linter?lint=0003_auth_rls_initplan,"{""name"":""budget_transactions"",""type"":""table"",""schema"":""public""}",auth_rls_init_plan_public_budget_transactions_budget_transactions_all_auth
auth_rls_initplan,Auth RLS Initialization Plan,WARN,EXTERNAL,"[""PERFORMANCE""]",Detects if calls to \`current_setting()\` and \`auth.<function>()\` in RLS policies are being unnecessarily re-evaluated for each row,Table \`public.budget_alerts\` has a row level security policy \`budget_alerts_all_auth\` that re-evaluates current_setting() or auth.<function>() for each row. This produces suboptimal query performance at scale. Resolve the issue by replacing \`auth.<function>()\` with \`(select auth.<function>())\`. See [docs](https://supabase.com/docs/guides/database/postgres/row-level-security#call-functions-with-select) for more info.,https://supabase.com/docs/guides/database/database-linter?lint=0003_auth_rls_initplan,"{""name"":""budget_alerts"",""type"":""table"",""schema"":""public""}",auth_rls_init_plan_public_budget_alerts_budget_alerts_all_auth
auth_rls_initplan,Auth RLS Initialization Plan,WARN,EXTERNAL,"[""PERFORMANCE""]",Detects if calls to \`current_setting()\` and \`auth.<function>()\` in RLS policies are being unnecessarily re-evaluated for each row,Table \`public.site_locations\` has a row level security policy \`site_locations_update\` that re-evaluates current_setting() or auth.<function>() for each row. This produces suboptimal query performance at scale. Resolve the issue by replacing \`auth.<function>()\` with \`(select auth.<function>())\`. See [docs](https://supabase.com/docs/guides/database/postgres/row-level-security#call-functions-with-select) for more info.,https://supabase.com/docs/guides/database/database-linter?lint=0003_auth_rls_initplan,"{""name"":""site_locations"",""type"":""table"",""schema"":""public""}",auth_rls_init_plan_public_site_locations_site_locations_update
auth_rls_initplan,Auth RLS Initialization Plan,WARN,EXTERNAL,"[""PERFORMANCE""]",Detects if calls to \`current_setting()\` and \`auth.<function>()\` in RLS policies are being unnecessarily re-evaluated for each row,Table \`public.wallet_transactions\` has a row level security policy \`wallet_tx_insert_earning_self_or_admin\` that re-evaluates current_setting() or auth.<function>() for each row. This produces suboptimal query performance at scale. Resolve the issue by replacing \`auth.<function>()\` with \`(select auth.<function>())\`. See [docs](https://supabase.com/docs/guides/database/postgres/row-level-security#call-functions-with-select) for more info.,https://supabase.com/docs/guides/database/database-linter?lint=0003_auth_rls_initplan,"{""name"":""wallet_transactions"",""type"":""table"",""schema"":""public""}",auth_rls_init_plan_public_wallet_transactions_wallet_tx_insert_earning_self_or_admin
auth_rls_initplan,Auth RLS Initialization Plan,WARN,EXTERNAL,"[""PERFORMANCE""]",Detects if calls to \`current_setting()\` and \`auth.<function>()\` in RLS policies are being unnecessarily re-evaluated for each row,Table \`public.withdrawal_requests\` has a row level security policy \`Supervisors can view all withdrawal requests\` that re-evaluates current_setting() or auth.<function>() for each row. This produces suboptimal query performance at scale. Resolve the issue by replacing \`auth.<function>()\` with \`(select auth.<function>())\`. See [docs](https://supabase.com/docs/guides/database/postgres/row-level-security#call-functions-with-select) for more info.,https://supabase.com/docs/guides/database/database-linter?lint=0003_auth_rls_initplan,"{""name"":""withdrawal_requests"",""type"":""table"",""schema"":""public""}",auth_rls_init_plan_public_withdrawal_requests_Supervisors can view all withdrawal requests
auth_rls_initplan,Auth RLS Initialization Plan,WARN,EXTERNAL,"[""PERFORMANCE""]",Detects if calls to \`current_setting()\` and \`auth.<function>()\` in RLS policies are being unnecessarily re-evaluated for each row,Table \`public.withdrawal_requests\` has a row level security policy \`Supervisors can approve/reject withdrawal requests\` that re-evaluates current_setting() or auth.<function>() for each row. This produces suboptimal query performance at scale. Resolve the issue by replacing \`auth.<function>()\` with \`(select auth.<function>())\`. See [docs](https://supabase.com/docs/guides/database/postgres/row-level-security#call-functions-with-select) for more info.,https://supabase.com/docs/guides/database/database-linter?lint=0003_auth_rls_initplan,"{""name"":""withdrawal_requests"",""type"":""table"",""schema"":""public""}",auth_rls_init_plan_public_withdrawal_requests_Supervisors can approve/reject withdrawal requests
auth_rls_initplan,Auth RLS Initialization Plan,WARN,EXTERNAL,"[""PERFORMANCE""]",Detects if calls to \`current_setting()\` and \`auth.<function>()\` in RLS policies are being unnecessarily re-evaluated for each row,Table \`public.site_visit_costs\` has a row level security policy \`Users can view site visit costs for their assigned visits\` that re-evaluates current_setting() or auth.<function>() for each row. This produces suboptimal query performance at scale. Resolve the issue by replacing \`auth.<function>()\` with \`(select auth.<function>())\`. See [docs](https://supabase.com/docs/guides/database/postgres/row-level-security#call-functions-with-select) for more info.,https://supabase.com/docs/guides/database/database-linter?lint=0003_auth_rls_initplan,"{""name"":""site_visit_costs"",""type"":""table"",""schema"":""public""}",auth_rls_init_plan_public_site_visit_costs_Users can view site visit costs for their assigned visits
auth_rls_initplan,Auth RLS Initialization Plan,WARN,EXTERNAL,"[""PERFORMANCE""]",Detects if calls to \`current_setting()\` and \`auth.<function>()\` in RLS policies are being unnecessarily re-evaluated for each row,Table \`public.site_visit_costs\` has a row level security policy \`Supervisors can manage site visit costs\` that re-evaluates current_setting() or auth.<function>() for each row. This produces suboptimal query performance at scale. Resolve the issue by replacing \`auth.<function>()\` with \`(select auth.<function>())\`. See [docs](https://supabase.com/docs/guides/database/postgres/row-level-security#call-functions-with-select) for more info.,https://supabase.com/docs/guides/database/database-linter?lint=0003_auth_rls_initplan,"{""name"":""site_visit_costs"",""type"":""table"",""schema"":""public""}",auth_rls_init_plan_public_site_visit_costs_Supervisors can manage site visit costs
auth_rls_initplan,Auth RLS Initialization Plan,WARN,EXTERNAL,"[""PERFORMANCE""]",Detects if calls to \`current_setting()\` and \`auth.<function>()\` in RLS policies are being unnecessarily re-evaluated for each row,Table \`public.mmp_site_entries\` has a row level security policy \`mmp_site_entries_insert\` that re-evaluates current_setting() or auth.<function>() for each row. This produces suboptimal query performance at scale. Resolve the issue by replacing \`auth.<function>()\` with \`(select auth.<function>())\`. See [docs](https://supabase.com/docs/guides/database/postgres/row-level-security#call-functions-with-select) for more info.,https://supabase.com/docs/guides/database/database-linter?lint=0003_auth_rls_initplan,"{""name"":""mmp_site_entries"",""type"":""table"",""schema"":""public""}",auth_rls_init_plan_public_mmp_site_entries_mmp_site_entries_insert
auth_rls_initplan,Auth RLS Initialization Plan,WARN,EXTERNAL,"[""PERFORMANCE""]",Detects if calls to \`current_setting()\` and \`auth.<function>()\` in RLS policies are being unnecessarily re-evaluated for each row,Table \`public.mmp_site_entries\` has a row level security policy \`mmp_site_entries_select\` that re-evaluates current_setting() or auth.<function>() for each row. This produces suboptimal query performance at scale. Resolve the issue by replacing \`auth.<function>()\` with \`(select auth.<function>())\`. See [docs](https://supabase.com/docs/guides/database/postgres/row-level-security#call-functions-with-select) for more info.,https://supabase.com/docs/guides/database/database-linter?lint=0003_auth_rls_initplan,"{""name"":""mmp_site_entries"",""type"":""table"",""schema"":""public""}",auth_rls_init_plan_public_mmp_site_entries_mmp_site_entries_select
auth_rls_initplan,Auth RLS Initialization Plan,WARN,EXTERNAL,"[""PERFORMANCE""]",Detects if calls to \`current_setting()\` and \`auth.<function>()\` in RLS policies are being unnecessarily re-evaluated for each row,Table \`public.wallets\` has a row level security policy \`Users can view their own wallet\` that re-evaluates current_setting() or auth.<function>() for each row. This produces suboptimal query performance at scale. Resolve the issue by replacing \`auth.<function>()\` with \`(select auth.<function>())\`. See [docs](https://supabase.com/docs/guides/database/postgres/row-level-security#call-functions-with-select) for more info.,https://supabase.com/docs/guides/database/database-linter?lint=0003_auth_rls_initplan,"{""name"":""wallets"",""type"":""table"",""schema"":""public""}",auth_rls_init_plan_public_wallets_Users can view their own wallet
auth_rls_initplan,Auth RLS Initialization Plan,WARN,EXTERNAL,"[""PERFORMANCE""]",Detects if calls to \`current_setting()\` and \`auth.<function>()\` in RLS policies are being unnecessarily re-evaluated for each row,Table \`public.wallets\` has a row level security policy \`Users can insert their own wallet\` that re-evaluates current_setting() or auth.<function>() for each row. This produces suboptimal query performance at scale. Resolve the issue by replacing \`auth.<function>()\` with \`(select auth.<function>())\`. See [docs](https://supabase.com/docs/guides/database/postgres/row-level-security#call-functions-with-select) for more info.,https://supabase.com/docs/guides/database/database-linter?lint=0003_auth_rls_initplan,"{""name"":""wallets"",""type"":""table"",""schema"":""public""}",auth_rls_init_plan_public_wallets_Users can insert their own wallet
auth_rls_initplan,Auth RLS Initialization Plan,WARN,EXTERNAL,"[""PERFORMANCE""]",Detects if calls to \`current_setting()\` and \`auth.<function>()\` in RLS policies are being unnecessarily re-evaluated for each row,Table \`public.wallets\` has a row level security policy \`Users can update their own wallet\` that re-evaluates current_setting() or auth.<function>() for each row. This produces suboptimal query performance at scale. Resolve the issue by replacing \`auth.<function>()\` with \`(select auth.<function>())\`. See [docs](https://supabase.com/docs/guides/database/postgres/row-level-security#call-functions-with-select) for more info.,https://supabase.com/docs/guides/database/database-linter?lint=0003_auth_rls_initplan,"{""name"":""wallets"",""type"":""table"",""schema"":""public""}",auth_rls_init_plan_public_wallets_Users can update their own wallet
auth_rls_initplan,Auth RLS Initialization Plan,WARN,EXTERNAL,"[""PERFORMANCE""]",Detects if calls to \`current_setting()\` and \`auth.<function>()\` in RLS policies are being unnecessarily re-evaluated for each row,Table \`public.wallets\` has a row level security policy \`Admins can view all wallets\` that re-evaluates current_setting() or auth.<function>() for each row. This produces suboptimal query performance at scale. Resolve the issue by replacing \`auth.<function>()\` with \`(select auth.<function>())\`. See [docs](https://supabase.com/docs/guides/database/postgres/row-level-security#call-functions-with-select) for more info.,https://supabase.com/docs/guides/database/database-linter?lint=0003_auth_rls_initplan,"{""name"":""wallets"",""type"":""table"",""schema"":""public""}",auth_rls_init_plan_public_wallets_Admins can view all wallets
auth_rls_initplan,Auth RLS Initialization Plan,WARN,EXTERNAL,"[""PERFORMANCE""]",Detects if calls to \`current_setting()\` and \`auth.<function>()\` in RLS policies are being unnecessarily re-evaluated for each row,Table \`public.wallets\` has a row level security policy \`Admins can manage all wallets\` that re-evaluates current_setting() or auth.<function>() for each row. This produces suboptimal query performance at scale. Resolve the issue by replacing \`auth.<function>()\` with \`(select auth.<function>())\`. See [docs](https://supabase.com/docs/guides/database/postgres/row-level-security#call-functions-with-select) for more info.,https://supabase.com/docs/guides/database/database-linter?lint=0003_auth_rls_initplan,"{""name"":""wallets"",""type"":""table"",""schema"":""public""}",auth_rls_init_plan_public_wallets_Admins can manage all wallets
auth_rls_initplan,Auth RLS Initialization Plan,WARN,EXTERNAL,"[""PERFORMANCE""]",Detects if calls to \`current_setting()\` and \`auth.<function>()\` in RLS policies are being unnecessarily re-evaluated for each row,Table \`public.wallet_transactions\` has a row level security policy \`Users can view their own transactions\` that re-evaluates current_setting() or auth.<function>() for each row. This produces suboptimal query performance at scale. Resolve the issue by replacing \`auth.<function>()\` with \`(select auth.<function>())\`. See [docs](https://supabase.com/docs/guides/database/postgres/row-level-security#call-functions-with-select) for more info.,https://supabase.com/docs/guides/database/database-linter?lint=0003_auth_rls_initplan,"{""name"":""wallet_transactions"",""type"":""table"",""schema"":""public""}",auth_rls_init_plan_public_wallet_transactions_Users can view their own transactions
auth_rls_initplan,Auth RLS Initialization Plan,WARN,EXTERNAL,"[""PERFORMANCE""]",Detects if calls to \`current_setting()\` and \`auth.<function>()\` in RLS policies are being unnecessarily re-evaluated for each row,Table \`public.super_admins\` has a row level security policy \`super_admins_select_self\` that re-evaluates current_setting() or auth.<function>() for each row. This produces suboptimal query performance at scale. Resolve the issue by replacing \`auth.<function>()\` with \`(select auth.<function>())\`. See [docs](https://supabase.com/docs/guides/database/postgres/row-level-security#call-functions-with-select) for more info.,https://supabase.com/docs/guides/database/database-linter?lint=0003_auth_rls_initplan,"{""name"":""super_admins"",""type"":""table"",""schema"":""public""}",auth_rls_init_plan_public_super_admins_super_admins_select_self
auth_rls_initplan,Auth RLS Initialization Plan,WARN,EXTERNAL,"[""PERFORMANCE""]",Detects if calls to \`current_setting()\` and \`auth.<function>()\` in RLS policies are being unnecessarily re-evaluated for each row,Table \`public.mmp_site_entries\` has a row level security policy \`mse_select_authenticated\` that re-evaluates current_setting() or auth.<function>() for each row. This produces suboptimal query performance at scale. Resolve the issue by replacing \`auth.<function>()\` with \`(select auth.<function>())\`. See [docs](https://supabase.com/docs/guides/database/postgres/row-level-security#call-functions-with-select) for more info.,https://supabase.com/docs/guides/database/database-linter?lint=0003_auth_rls_initplan,"{""name"":""mmp_site_entries"",""type"":""table"",""schema"":""public""}",auth_rls_init_plan_public_mmp_site_entries_mse_select_authenticated
auth_rls_initplan,Auth RLS Initialization Plan,WARN,EXTERNAL,"[""PERFORMANCE""]",Detects if calls to \`current_setting()\` and \`auth.<function>()\` in RLS policies are being unnecessarily re-evaluated for each row,Table \`public.mmp_site_entries\` has a row level security policy \`mse_insert_editors\` that re-evaluates current_setting() or auth.<function>() for each row. This produces suboptimal query performance at scale. Resolve the issue by replacing \`auth.<function>()\` with \`(select auth.<function>())\`. See [docs](https://supabase.com/docs/guides/database/postgres/row-level-security#call-functions-with-select) for more info.,https://supabase.com/docs/guides/database/database-linter?lint=0003_auth_rls_initplan,"{""name"":""mmp_site_entries"",""type"":""table"",""schema"":""public""}",auth_rls_init_plan_public_mmp_site_entries_mse_insert_editors
auth_rls_initplan,Auth RLS Initialization Plan,WARN,EXTERNAL,"[""PERFORMANCE""]",Detects if calls to \`current_setting()\` and \`auth.<function>()\` in RLS policies are being unnecessarily re-evaluated for each row,Table \`public.mmp_site_entries\` has a row level security policy \`mse_update_editors\` that re-evaluates current_setting() or auth.<function>() for each row. This produces suboptimal query performance at scale. Resolve the issue by replacing \`auth.<function>()\` with \`(select auth.<function>())\`. See [docs](https://supabase.com/docs/guides/database/postgres/row-level-security#call-functions-with-select) for more info.,https://supabase.com/docs/guides/database/database-linter?lint=0003_auth_rls_initplan,"{""name"":""mmp_site_entries"",""type"":""table"",""schema"":""public""}",auth_rls_init_plan_public_mmp_site_entries_mse_update_editors
auth_rls_initplan,Auth RLS Initialization Plan,WARN,EXTERNAL,"[""PERFORMANCE""]",Detects if calls to \`current_setting()\` and \`auth.<function>()\` in RLS policies are being unnecessarily re-evaluated for each row,Table \`public.mmp_site_entries\` has a row level security policy \`mse_delete_editors\` that re-evaluates current_setting() or auth.<function>() for each row. This produces suboptimal query performance at scale. Resolve the issue by replacing \`auth.<function>()\` with \`(select auth.<function>())\`. See [docs](https://supabase.com/docs/guides/database/postgres/row-level-security#call-functions-with-select) for more info.,https://supabase.com/docs/guides/database/database-linter?lint=0003_auth_rls_initplan,"{""name"":""mmp_site_entries"",""type"":""table"",""schema"":""public""}",auth_rls_init_plan_public_mmp_site_entries_mse_delete_editors
auth_rls_initplan,Auth RLS Initialization Plan,WARN,EXTERNAL,"[""PERFORMANCE""]",Detects if calls to \`current_setting()\` and \`auth.<function>()\` in RLS policies are being unnecessarily re-evaluated for each row,Table \`public.wallet_transactions\` has a row level security policy \`Admins can view all transactions\` that re-evaluates current_setting() or auth.<function>() for each row. This produces suboptimal query performance at scale. Resolve the issue by replacing \`auth.<function>()\` with \`(select auth.<function>())\`. See [docs](https://supabase.com/docs/guides/database/postgres/row-level-security#call-functions-with-select) for more info.,https://supabase.com/docs/guides/database/database-linter?lint=0003_auth_rls_initplan,"{""name"":""wallet_transactions"",""type"":""table"",""schema"":""public""}",auth_rls_init_plan_public_wallet_transactions_Admins can view all transactions
auth_rls_initplan,Auth RLS Initialization Plan,WARN,EXTERNAL,"[""PERFORMANCE""]",Detects if calls to \`current_setting()\` and \`auth.<function>()\` in RLS policies are being unnecessarily re-evaluated for each row,Table \`public.site_locations\` has a row level security policy \`Allow insert site_locations for authenticated\` that re-evaluates current_setting() or auth.<function>() for each row. This produces suboptimal query performance at scale. Resolve the issue by replacing \`auth.<function>()\` with \`(select auth.<function>())\`. See [docs](https://supabase.com/docs/guides/database/postgres/row-level-security#call-functions-with-select) for more info.,https://supabase.com/docs/guides/database/database-linter?lint=0003_auth_rls_initplan,"{""name"":""site_locations"",""type"":""table"",""schema"":""public""}",auth_rls_init_plan_public_site_locations_Allow insert site_locations for authenticated
auth_rls_initplan,Auth RLS Initialization Plan,WARN,EXTERNAL,"[""PERFORMANCE""]",Detects if calls to \`current_setting()\` and \`auth.<function>()\` in RLS policies are being unnecessarily re-evaluated for each row,Table \`public.mmp_files\` has a row level security policy \`mf_update_editors\` that re-evaluates current_setting() or auth.<function>() for each row. This produces suboptimal query performance at scale. Resolve the issue by replacing \`auth.<function>()\` with \`(select auth.<function>())\`. See [docs](https://supabase.com/docs/guides/database/postgres/row-level-security#call-functions-with-select) for more info.,https://supabase.com/docs/guides/database/database-linter?lint=0003_auth_rls_initplan,"{""name"":""mmp_files"",""type"":""table"",""schema"":""public""}",auth_rls_init_plan_public_mmp_files_mf_update_editors
auth_rls_initplan,Auth RLS Initialization Plan,WARN,EXTERNAL,"[""PERFORMANCE""]",Detects if calls to \`current_setting()\` and \`auth.<function>()\` in RLS policies are being unnecessarily re-evaluated for each row,Table \`public.mmp_files\` has a row level security policy \`mf_select_authenticated\` that re-evaluates current_setting() or auth.<function>() for each row. This produces suboptimal query performance at scale. Resolve the issue by replacing \`auth.<function>()\` with \`(select auth.<function>())\`. See [docs](https://supabase.com/docs/guides/database/postgres/row-level-security#call-functions-with-select) for more info.,https://supabase.com/docs/guides/database/database-linter?lint=0003_auth_rls_initplan,"{""name"":""mmp_files"",""type"":""table"",""schema"":""public""}",auth_rls_init_plan_public_mmp_files_mf_select_authenticated
auth_rls_initplan,Auth RLS Initialization Plan,WARN,EXTERNAL,"[""PERFORMANCE""]",Detects if calls to \`current_setting()\` and \`auth.<function>()\` in RLS policies are being unnecessarily re-evaluated for each row,Table \`public.wallet_transactions\` has a row level security policy \`Admins can manage all transactions\` that re-evaluates current_setting() or auth.<function>() for each row. This produces suboptimal query performance at scale. Resolve the issue by replacing \`auth.<function>()\` with \`(select auth.<function>())\`. See [docs](https://supabase.com/docs/guides/database/postgres/row-level-security#call-functions-with-select) for more info.,https://supabase.com/docs/guides/database/database-linter?lint=0003_auth_rls_initplan,"{""name"":""wallet_transactions"",""type"":""table"",""schema"":""public""}",auth_rls_init_plan_public_wallet_transactions_Admins can manage all transactions
auth_rls_initplan,Auth RLS Initialization Plan,WARN,EXTERNAL,"[""PERFORMANCE""]",Detects if calls to \`current_setting()\` and \`auth.<function>()\` in RLS policies are being unnecessarily re-evaluated for each row,Table \`public.site_locations\` has a row level security policy \`Allow update site_locations for authenticated\` that re-evaluates current_setting() or auth.<function>() for each row. This produces suboptimal query performance at scale. Resolve the issue by replacing \`auth.<function>()\` with \`(select auth.<function>())\`. See [docs](https://supabase.com/docs/guides/database/postgres/row-level-security#call-functions-with-select) for more info.,https://supabase.com/docs/guides/database/database-linter?lint=0003_auth_rls_initplan,"{""name"":""site_locations"",""type"":""table"",""schema"":""public""}",auth_rls_init_plan_public_site_locations_Allow update site_locations for authenticated
auth_rls_initplan,Auth RLS Initialization Plan,WARN,EXTERNAL,"[""PERFORMANCE""]",Detects if calls to \`current_setting()\` and \`auth.<function>()\` in RLS policies are being unnecessarily re-evaluated for each row,Table \`public.site_locations\` has a row level security policy \`Allow delete site_locations for authenticated\` that re-evaluates current_setting() or auth.<function>() for each row. This produces suboptimal query performance at scale. Resolve the issue by replacing \`auth.<function>()\` with \`(select auth.<function>())\`. See [docs](https://supabase.com/docs/guides/database/postgres/row-level-security#call-functions-with-select) for more info.,https://supabase.com/docs/guides/database/database-linter?lint=0003_auth_rls_initplan,"{""name"":""site_locations"",""type"":""table"",""schema"":""public""}",auth_rls_init_plan_public_site_locations_Allow delete site_locations for authenticated
auth_rls_initplan,Auth RLS Initialization Plan,WARN,EXTERNAL,"[""PERFORMANCE""]",Detects if calls to \`current_setting()\` and \`auth.<function>()\` in RLS policies are being unnecessarily re-evaluated for each row,Table \`public.chats\` has a row level security policy \`chats_select_participant\` that re-evaluates current_setting() or auth.<function>() for each row. This produces suboptimal query performance at scale. Resolve the issue by replacing \`auth.<function>()\` with \`(select auth.<function>())\`. See [docs](https://supabase.com/docs/guides/database/postgres/row-level-security#call-functions-with-select) for more info.,https://supabase.com/docs/guides/database/database-linter?lint=0003_auth_rls_initplan,"{""name"":""chats"",""type"":""table"",""schema"":""public""}",auth_rls_init_plan_public_chats_chats_select_participant
auth_rls_initplan,Auth RLS Initialization Plan,WARN,EXTERNAL,"[""PERFORMANCE""]",Detects if calls to \`current_setting()\` and \`auth.<function>()\` in RLS policies are being unnecessarily re-evaluated for each row,Table \`public.chats\` has a row level security policy \`chats_insert_creator\` that re-evaluates current_setting() or auth.<function>() for each row. This produces suboptimal query performance at scale. Resolve the issue by replacing \`auth.<function>()\` with \`(select auth.<function>())\`. See [docs](https://supabase.com/docs/guides/database/postgres/row-level-security#call-functions-with-select) for more info.,https://supabase.com/docs/guides/database/database-linter?lint=0003_auth_rls_initplan,"{""name"":""chats"",""type"":""table"",""schema"":""public""}",auth_rls_init_plan_public_chats_chats_insert_creator
auth_rls_initplan,Auth RLS Initialization Plan,WARN,EXTERNAL,"[""PERFORMANCE""]",Detects if calls to \`current_setting()\` and \`auth.<function>()\` in RLS policies are being unnecessarily re-evaluated for each row,Table \`public.chats\` has a row level security policy \`chats_update_creator\` that re-evaluates current_setting() or auth.<function>() for each row. This produces suboptimal query performance at scale. Resolve the issue by replacing \`auth.<function>()\` with \`(select auth.<function>())\`. See [docs](https://supabase.com/docs/guides/database/postgres/row-level-security#call-functions-with-select) for more info.,https://supabase.com/docs/guides/database/database-linter?lint=0003_auth_rls_initplan,"{""name"":""chats"",""type"":""table"",""schema"":""public""}",auth_rls_init_plan_public_chats_chats_update_creator
auth_rls_initplan,Auth RLS Initialization Plan,WARN,EXTERNAL,"[""PERFORMANCE""]",Detects if calls to \`current_setting()\` and \`auth.<function>()\` in RLS policies are being unnecessarily re-evaluated for each row,Table \`public.reports\` has a row level security policy \`Allow select reports for authenticated\` that re-evaluates current_setting() or auth.<function>() for each row. This produces suboptimal query performance at scale. Resolve the issue by replacing \`auth.<function>()\` with \`(select auth.<function>())\`. See [docs](https://supabase.com/docs/guides/database/postgres/row-level-security#call-functions-with-select) for more info.,https://supabase.com/docs/guides/database/database-linter?lint=0003_auth_rls_initplan,"{""name"":""reports"",""type"":""table"",""schema"":""public""}",auth_rls_init_plan_public_reports_Allow select reports for authenticated
auth_rls_initplan,Auth RLS Initialization Plan,WARN,EXTERNAL,"[""PERFORMANCE""]",Detects if calls to \`current_setting()\` and \`auth.<function>()\` in RLS policies are being unnecessarily re-evaluated for each row,Table \`public.reports\` has a row level security policy \`Allow insert reports for authenticated\` that re-evaluates current_setting() or auth.<function>() for each row. This produces suboptimal query performance at scale. Resolve the issue by replacing \`auth.<function>()\` with \`(select auth.<function>())\`. See [docs](https://supabase.com/docs/guides/database/postgres/row-level-security#call-functions-with-select) for more info.,https://supabase.com/docs/guides/database/database-linter?lint=0003_auth_rls_initplan,"{""name"":""reports"",""type"":""table"",""schema"":""public""}",auth_rls_init_plan_public_reports_Allow insert reports for authenticated
auth_rls_initplan,Auth RLS Initialization Plan,WARN,EXTERNAL,"[""PERFORMANCE""]",Detects if calls to \`current_setting()\` and \`auth.<function>()\` in RLS policies are being unnecessarily re-evaluated for each row,Table \`public.reports\` has a row level security policy \`Allow update reports for authenticated\` that re-evaluates current_setting() or auth.<function>() for each row. This produces suboptimal query performance at scale. Resolve the issue by replacing \`auth.<function>()\` with \`(select auth.<function>())\`. See [docs](https://supabase.com/docs/guides/database/postgres/row-level-security#call-functions-with-select) for more info.,https://supabase.com/docs/guides/database/database-linter?lint=0003_auth_rls_initplan,"{""name"":""reports"",""type"":""table"",""schema"":""public""}",auth_rls_init_plan_public_reports_Allow update reports for authenticated
auth_rls_initplan,Auth RLS Initialization Plan,WARN,EXTERNAL,"[""PERFORMANCE""]",Detects if calls to \`current_setting()\` and \`auth.<function>()\` in RLS policies are being unnecessarily re-evaluated for each row,Table \`public.reports\` has a row level security policy \`Allow delete reports for authenticated\` that re-evaluates current_setting() or auth.<function>() for each row. This produces suboptimal query performance at scale. Resolve the issue by replacing \`auth.<function>()\` with \`(select auth.<function>())\`. See [docs](https://supabase.com/docs/guides/database/postgres/row-level-security#call-functions-with-select) for more info.,https://supabase.com/docs/guides/database/database-linter?lint=0003_auth_rls_initplan,"{""name"":""reports"",""type"":""table"",""schema"":""public""}",auth_rls_init_plan_public_reports_Allow delete reports for authenticated
auth_rls_initplan,Auth RLS Initialization Plan,WARN,EXTERNAL,"[""PERFORMANCE""]",Detects if calls to \`current_setting()\` and \`auth.<function>()\` in RLS policies are being unnecessarily re-evaluated for each row,Table \`public.report_photos\` has a row level security policy \`Allow select report_photos for authenticated\` that re-evaluates current_setting() or auth.<function>() for each row. This produces suboptimal query performance at scale. Resolve the issue by replacing \`auth.<function>()\` with \`(select auth.<function>())\`. See [docs](https://supabase.com/docs/guides/database/postgres/row-level-security#call-functions-with-select) for more info.,https://supabase.com/docs/guides/database/database-linter?lint=0003_auth_rls_initplan,"{""name"":""report_photos"",""type"":""table"",""schema"":""public""}",auth_rls_init_plan_public_report_photos_Allow select report_photos for authenticated
auth_rls_initplan,Auth RLS Initialization Plan,WARN,EXTERNAL,"[""PERFORMANCE""]",Detects if calls to \`current_setting()\` and \`auth.<function>()\` in RLS policies are being unnecessarily re-evaluated for each row,Table \`public.report_photos\` has a row level security policy \`Allow insert report_photos for authenticated\` that re-evaluates current_setting() or auth.<function>() for each row. This produces suboptimal query performance at scale. Resolve the issue by replacing \`auth.<function>()\` with \`(select auth.<function>())\`. See [docs](https://supabase.com/docs/guides/database/postgres/row-level-security#call-functions-with-select) for more info.,https://supabase.com/docs/guides/database/database-linter?lint=0003_auth_rls_initplan,"{""name"":""report_photos"",""type"":""table"",""schema"":""public""}",auth_rls_init_plan_public_report_photos_Allow insert report_photos for authenticated
auth_rls_initplan,Auth RLS Initialization Plan,WARN,EXTERNAL,"[""PERFORMANCE""]",Detects if calls to \`current_setting()\` and \`auth.<function>()\` in RLS policies are being unnecessarily re-evaluated for each row,Table \`public.report_photos\` has a row level security policy \`Allow update report_photos for authenticated\` that re-evaluates current_setting() or auth.<function>() for each row. This produces suboptimal query performance at scale. Resolve the issue by replacing \`auth.<function>()\` with \`(select auth.<function>())\`. See [docs](https://supabase.com/docs/guides/database/postgres/row-level-security#call-functions-with-select) for more info.,https://supabase.com/docs/guides/database/database-linter?lint=0003_auth_rls_initplan,"{""name"":""report_photos"",""type"":""table"",""schema"":""public""}",auth_rls_init_plan_public_report_photos_Allow update report_photos for authenticated
auth_rls_initplan,Auth RLS Initialization Plan,WARN,EXTERNAL,"[""PERFORMANCE""]",Detects if calls to \`current_setting()\` and \`auth.<function>()\` in RLS policies are being unnecessarily re-evaluated for each row,Table \`public.report_photos\` has a row level security policy \`Allow delete report_photos for authenticated\` that re-evaluates current_setting() or auth.<function>() for each row. This produces suboptimal query performance at scale. Resolve the issue by replacing \`auth.<function>()\` with \`(select auth.<function>())\`. See [docs](https://supabase.com/docs/guides/database/postgres/row-level-security#call-functions-with-select) for more info.,https://supabase.com/docs/guides/database/database-linter?lint=0003_auth_rls_initplan,"{""name"":""report_photos"",""type"":""table"",""schema"":""public""}",auth_rls_init_plan_public_report_photos_Allow delete report_photos for authenticated
auth_rls_initplan,Auth RLS Initialization Plan,WARN,EXTERNAL,"[""PERFORMANCE""]",Detects if calls to \`current_setting()\` and \`auth.<function>()\` in RLS policies are being unnecessarily re-evaluated for each row,Table \`public.chats\` has a row level security policy \`chats_delete_creator\` that re-evaluates current_setting() or auth.<function>() for each row. This produces suboptimal query performance at scale. Resolve the issue by replacing \`auth.<function>()\` with \`(select auth.<function>())\`. See [docs](https://supabase.com/docs/guides/database/postgres/row-level-security#call-functions-with-select) for more info.,https://supabase.com/docs/guides/database/database-linter?lint=0003_auth_rls_initplan,"{""name"":""chats"",""type"":""table"",""schema"":""public""}",auth_rls_init_plan_public_chats_chats_delete_creator
auth_rls_initplan,Auth RLS Initialization Plan,WARN,EXTERNAL,"[""PERFORMANCE""]",Detects if calls to \`current_setting()\` and \`auth.<function>()\` in RLS policies are being unnecessarily re-evaluated for each row,Table \`public.chat_participants\` has a row level security policy \`chat_participants_insert_self_or_owner\` that re-evaluates current_setting() or auth.<function>() for each row. This produces suboptimal query performance at scale. Resolve the issue by replacing \`auth.<function>()\` with \`(select auth.<function>())\`. See [docs](https://supabase.com/docs/guides/database/postgres/row-level-security#call-functions-with-select) for more info.,https://supabase.com/docs/guides/database/database-linter?lint=0003_auth_rls_initplan,"{""name"":""chat_participants"",""type"":""table"",""schema"":""public""}",auth_rls_init_plan_public_chat_participants_chat_participants_insert_self_or_owner
auth_rls_initplan,Auth RLS Initialization Plan,WARN,EXTERNAL,"[""PERFORMANCE""]",Detects if calls to \`current_setting()\` and \`auth.<function>()\` in RLS policies are being unnecessarily re-evaluated for each row,Table \`public.chat_participants\` has a row level security policy \`chat_participants_delete_self_or_owner\` that re-evaluates current_setting() or auth.<function>() for each row. This produces suboptimal query performance at scale. Resolve the issue by replacing \`auth.<function>()\` with \`(select auth.<function>())\`. See [docs](https://supabase.com/docs/guides/database/postgres/row-level-security#call-functions-with-select) for more info.,https://supabase.com/docs/guides/database/database-linter?lint=0003_auth_rls_initplan,"{""name"":""chat_participants"",""type"":""table"",""schema"":""public""}",auth_rls_init_plan_public_chat_participants_chat_participants_delete_self_or_owner
auth_rls_initplan,Auth RLS Initialization Plan,WARN,EXTERNAL,"[""PERFORMANCE""]",Detects if calls to \`current_setting()\` and \`auth.<function>()\` in RLS policies are being unnecessarily re-evaluated for each row,Table \`public.notifications\` has a row level security policy \`Users can read own notifications\` that re-evaluates current_setting() or auth.<function>() for each row. This produces suboptimal query performance at scale. Resolve the issue by replacing \`auth.<function>()\` with \`(select auth.<function>())\`. See [docs](https://supabase.com/docs/guides/database/postgres/row-level-security#call-functions-with-select) for more info.,https://supabase.com/docs/guides/database/database-linter?lint=0003_auth_rls_initplan,"{""name"":""notifications"",""type"":""table"",""schema"":""public""}",auth_rls_init_plan_public_notifications_Users can read own notifications
auth_rls_initplan,Auth RLS Initialization Plan,WARN,EXTERNAL,"[""PERFORMANCE""]",Detects if calls to \`current_setting()\` and \`auth.<function>()\` in RLS policies are being unnecessarily re-evaluated for each row,Table \`public.notifications\` has a row level security policy \`Users can update own notifications\` that re-evaluates current_setting() or auth.<function>() for each row. This produces suboptimal query performance at scale. Resolve the issue by replacing \`auth.<function>()\` with \`(select auth.<function>())\`. See [docs](https://supabase.com/docs/guides/database/postgres/row-level-security#call-functions-with-select) for more info.,https://supabase.com/docs/guides/database/database-linter?lint=0003_auth_rls_initplan,"{""name"":""notifications"",""type"":""table"",""schema"":""public""}",auth_rls_init_plan_public_notifications_Users can update own notifications
auth_rls_initplan,Auth RLS Initialization Plan,WARN,EXTERNAL,"[""PERFORMANCE""]",Detects if calls to \`current_setting()\` and \`auth.<function>()\` in RLS policies are being unnecessarily re-evaluated for each row,Table \`public.notifications\` has a row level security policy \`Users can delete own notifications\` that re-evaluates current_setting() or auth.<function>() for each row. This produces suboptimal query performance at scale. Resolve the issue by replacing \`auth.<function>()\` with \`(select auth.<function>())\`. See [docs](https://supabase.com/docs/guides/database/postgres/row-level-security#call-functions-with-select) for more info.,https://supabase.com/docs/guides/database/database-linter?lint=0003_auth_rls_initplan,"{""name"":""notifications"",""type"":""table"",""schema"":""public""}",auth_rls_init_plan_public_notifications_Users can delete own notifications
auth_rls_initplan,Auth RLS Initialization Plan,WARN,EXTERNAL,"[""PERFORMANCE""]",Detects if calls to \`current_setting()\` and \`auth.<function>()\` in RLS policies are being unnecessarily re-evaluated for each row,Table \`public.chat_messages\` has a row level security policy \`chat_messages_select_participant\` that re-evaluates current_setting() or auth.<function>() for each row. This produces suboptimal query performance at scale. Resolve the issue by replacing \`auth.<function>()\` with \`(select auth.<function>())\`. See [docs](https://supabase.com/docs/guides/database/postgres/row-level-security#call-functions-with-select) for more info.,https://supabase.com/docs/guides/database/database-linter?lint=0003_auth_rls_initplan,"{""name"":""chat_messages"",""type"":""table"",""schema"":""public""}",auth_rls_init_plan_public_chat_messages_chat_messages_select_participant
auth_rls_initplan,Auth RLS Initialization Plan,WARN,EXTERNAL,"[""PERFORMANCE""]",Detects if calls to \`current_setting()\` and \`auth.<function>()\` in RLS policies are being unnecessarily re-evaluated for each row,Table \`public.chat_messages\` has a row level security policy \`chat_messages_insert_participant\` that re-evaluates current_setting() or auth.<function>() for each row. This produces suboptimal query performance at scale. Resolve the issue by replacing \`auth.<function>()\` with \`(select auth.<function>())\`. See [docs](https://supabase.com/docs/guides/database/postgres/row-level-security#call-functions-with-select) for more info.,https://supabase.com/docs/guides/database/database-linter?lint=0003_auth_rls_initplan,"{""name"":""chat_messages"",""type"":""table"",""schema"":""public""}",auth_rls_init_plan_public_chat_messages_chat_messages_insert_participant
auth_rls_initplan,Auth RLS Initialization Plan,WARN,EXTERNAL,"[""PERFORMANCE""]",Detects if calls to \`current_setting()\` and \`auth.<function>()\` in RLS policies are being unnecessarily re-evaluated for each row,Table \`public.chat_message_reads\` has a row level security policy \`chat_message_reads_select_participant\` that re-evaluates current_setting() or auth.<function>() for each row. This produces suboptimal query performance at scale. Resolve the issue by replacing \`auth.<function>()\` with \`(select auth.<function>())\`. See [docs](https://supabase.com/docs/guides/database/postgres/row-level-security#call-functions-with-select) for more info.,https://supabase.com/docs/guides/database/database-linter?lint=0003_auth_rls_initplan,"{""name"":""chat_message_reads"",""type"":""table"",""schema"":""public""}",auth_rls_init_plan_public_chat_message_reads_chat_message_reads_select_participant
auth_rls_initplan,Auth RLS Initialization Plan,WARN,EXTERNAL,"[""PERFORMANCE""]",Detects if calls to \`current_setting()\` and \`auth.<function>()\` in RLS policies are being unnecessarily re-evaluated for each row,Table \`public.chat_message_reads\` has a row level security policy \`chat_message_reads_insert_self\` that re-evaluates current_setting() or auth.<function>() for each row. This produces suboptimal query performance at scale. Resolve the issue by replacing \`auth.<function>()\` with \`(select auth.<function>())\`. See [docs](https://supabase.com/docs/guides/database/postgres/row-level-security#call-functions-with-select) for more info.,https://supabase.com/docs/guides/database/database-linter?lint=0003_auth_rls_initplan,"{""name"":""chat_message_reads"",""type"":""table"",""schema"":""public""}",auth_rls_init_plan_public_chat_message_reads_chat_message_reads_insert_self
auth_rls_initplan,Auth RLS Initialization Plan,WARN,EXTERNAL,"[""PERFORMANCE""]",Detects if calls to \`current_setting()\` and \`auth.<function>()\` in RLS policies are being unnecessarily re-evaluated for each row,Table \`public.user_classifications\` has a row level security policy \`Admin manage user_classifications\` that re-evaluates current_setting() or auth.<function>() for each row. This produces suboptimal query performance at scale. Resolve the issue by replacing \`auth.<function>()\` with \`(select auth.<function>())\`. See [docs](https://supabase.com/docs/guides/database/postgres/row-level-security#call-functions-with-select) for more info.,https://supabase.com/docs/guides/database/database-linter?lint=0003_auth_rls_initplan,"{""name"":""user_classifications"",""type"":""table"",""schema"":""public""}",auth_rls_init_plan_public_user_classifications_Admin manage user_classifications
auth_rls_initplan,Auth RLS Initialization Plan,WARN,EXTERNAL,"[""PERFORMANCE""]",Detects if calls to \`current_setting()\` and \`auth.<function>()\` in RLS policies are being unnecessarily re-evaluated for each row,Table \`public.classification_fee_structures\` has a row level security policy \`Admin manage classification_fee_structures\` that re-evaluates current_setting() or auth.<function>() for each row. This produces suboptimal query performance at scale. Resolve the issue by replacing \`auth.<function>()\` with \`(select auth.<function>())\`. See [docs](https://supabase.com/docs/guides/database/postgres/row-level-security#call-functions-with-select) for more info.,https://supabase.com/docs/guides/database/database-linter?lint=0003_auth_rls_initplan,"{""name"":""classification_fee_structures"",""type"":""table"",""schema"":""public""}",auth_rls_init_plan_public_classification_fee_structures_Admin manage classification_fee_structures
auth_rls_initplan,Auth RLS Initialization Plan,WARN,EXTERNAL,"[""PERFORMANCE""]",Detects if calls to \`current_setting()\` and \`auth.<function>()\` in RLS policies are being unnecessarily re-evaluated for each row,Table \`public.chat_message_reads\` has a row level security policy \`chat_message_reads_update_self\` that re-evaluates current_setting() or auth.<function>() for each row. This produces suboptimal query performance at scale. Resolve the issue by replacing \`auth.<function>()\` with \`(select auth.<function>())\`. See [docs](https://supabase.com/docs/guides/database/postgres/row-level-security#call-functions-with-select) for more info.,https://supabase.com/docs/guides/database/database-linter?lint=0003_auth_rls_initplan,"{""name"":""chat_message_reads"",""type"":""table"",""schema"":""public""}",auth_rls_init_plan_public_chat_message_reads_chat_message_reads_update_self
auth_rls_initplan,Auth RLS Initialization Plan,WARN,EXTERNAL,"[""PERFORMANCE""]",Detects if calls to \`current_setting()\` and \`auth.<function>()\` in RLS policies are being unnecessarily re-evaluated for each row,Table \`public.chat_messages\` has a row level security policy \`Users can insert messages in their chats\` that re-evaluates current_setting() or auth.<function>() for each row. This produces suboptimal query performance at scale. Resolve the issue by replacing \`auth.<function>()\` with \`(select auth.<function>())\`. See [docs](https://supabase.com/docs/guides/database/postgres/row-level-security#call-functions-with-select) for more info.,https://supabase.com/docs/guides/database/database-linter?lint=0003_auth_rls_initplan,"{""name"":""chat_messages"",""type"":""table"",""schema"":""public""}",auth_rls_init_plan_public_chat_messages_Users can insert messages in their chats
auth_rls_initplan,Auth RLS Initialization Plan,WARN,EXTERNAL,"[""PERFORMANCE""]",Detects if calls to \`current_setting()\` and \`auth.<function>()\` in RLS policies are being unnecessarily re-evaluated for each row,Table \`public.chat_messages\` has a row level security policy \`Users can update their own messages\` that re-evaluates current_setting() or auth.<function>() for each row. This produces suboptimal query performance at scale. Resolve the issue by replacing \`auth.<function>()\` with \`(select auth.<function>())\`. See [docs](https://supabase.com/docs/guides/database/postgres/row-level-security#call-functions-with-select) for more info.,https://supabase.com/docs/guides/database/database-linter?lint=0003_auth_rls_initplan,"{""name"":""chat_messages"",""type"":""table"",""schema"":""public""}",auth_rls_init_plan_public_chat_messages_Users can update their own messages
auth_rls_initplan,Auth RLS Initialization Plan,WARN,EXTERNAL,"[""PERFORMANCE""]",Detects if calls to \`current_setting()\` and \`auth.<function>()\` in RLS policies are being unnecessarily re-evaluated for each row,Table \`public.chat_participants\` has a row level security policy \`Users can manage their own chat participants\` that re-evaluates current_setting() or auth.<function>() for each row. This produces suboptimal query performance at scale. Resolve the issue by replacing \`auth.<function>()\` with \`(select auth.<function>())\`. See [docs](https://supabase.com/docs/guides/database/postgres/row-level-security#call-functions-with-select) for more info.,https://supabase.com/docs/guides/database/database-linter?lint=0003_auth_rls_initplan,"{""name"":""chat_participants"",""type"":""table"",""schema"":""public""}",auth_rls_init_plan_public_chat_participants_Users can manage their own chat participants
auth_rls_initplan,Auth RLS Initialization Plan,WARN,EXTERNAL,"[""PERFORMANCE""]",Detects if calls to \`current_setting()\` and \`auth.<function>()\` in RLS policies are being unnecessarily re-evaluated for each row,Table \`public.chat_messages\` has a row level security policy \`Users can view messages in their chats\` that re-evaluates current_setting() or auth.<function>() for each row. This produces suboptimal query performance at scale. Resolve the issue by replacing \`auth.<function>()\` with \`(select auth.<function>())\`. See [docs](https://supabase.com/docs/guides/database/postgres/row-level-security#call-functions-with-select) for more info.,https://supabase.com/docs/guides/database/database-linter?lint=0003_auth_rls_initplan,"{""name"":""chat_messages"",""type"":""table"",""schema"":""public""}",auth_rls_init_plan_public_chat_messages_Users can view messages in their chats
auth_rls_initplan,Auth RLS Initialization Plan,WARN,EXTERNAL,"[""PERFORMANCE""]",Detects if calls to \`current_setting()\` and \`auth.<function>()\` in RLS policies are being unnecessarily re-evaluated for each row,Table \`public.audit_logs\` has a row level security policy \`admin_insert_system_audit_logs\` that re-evaluates current_setting() or auth.<function>() for each row. This produces suboptimal query performance at scale. Resolve the issue by replacing \`auth.<function>()\` with \`(select auth.<function>())\`. See [docs](https://supabase.com/docs/guides/database/postgres/row-level-security#call-functions-with-select) for more info.,https://supabase.com/docs/guides/database/database-linter?lint=0003_auth_rls_initplan,"{""name"":""audit_logs"",""type"":""table"",""schema"":""public""}",auth_rls_init_plan_public_audit_logs_admin_insert_system_audit_logs
auth_rls_initplan,Auth RLS Initialization Plan,WARN,EXTERNAL,"[""PERFORMANCE""]",Detects if calls to \`current_setting()\` and \`auth.<function>()\` in RLS policies are being unnecessarily re-evaluated for each row,Table \`public.audit_logs\` has a row level security policy \`Admins can read all audit logs\` that re-evaluates current_setting() or auth.<function>() for each row. This produces suboptimal query performance at scale. Resolve the issue by replacing \`auth.<function>()\` with \`(select auth.<function>())\`. See [docs](https://supabase.com/docs/guides/database/postgres/row-level-security#call-functions-with-select) for more info.,https://supabase.com/docs/guides/database/database-linter?lint=0003_auth_rls_initplan,"{""name"":""audit_logs"",""type"":""table"",""schema"":""public""}",auth_rls_init_plan_public_audit_logs_Admins can read all audit logs
auth_rls_initplan,Auth RLS Initialization Plan,WARN,EXTERNAL,"[""PERFORMANCE""]",Detects if calls to \`current_setting()\` and \`auth.<function>()\` in RLS policies are being unnecessarily re-evaluated for each row,Table \`public.chat_participants\` has a row level security policy \`chat_participants_select_in_same_chat\` that re-evaluates current_setting() or auth.<function>() for each row. This produces suboptimal query performance at scale. Resolve the issue by replacing \`auth.<function>()\` with \`(select auth.<function>())\`. See [docs](https://supabase.com/docs/guides/database/postgres/row-level-security#call-functions-with-select) for more info.,https://supabase.com/docs/guides/database/database-linter?lint=0003_auth_rls_initplan,"{""name"":""chat_participants"",""type"":""table"",""schema"":""public""}",auth_rls_init_plan_public_chat_participants_chat_participants_select_in_same_chat
auth_rls_initplan,Auth RLS Initialization Plan,WARN,EXTERNAL,"[""PERFORMANCE""]",Detects if calls to \`current_setting()\` and \`auth.<function>()\` in RLS policies are being unnecessarily re-evaluated for each row,Table \`public.app_versions\` has a row level security policy \`Only admins can update app versions\` that re-evaluates current_setting() or auth.<function>() for each row. This produces suboptimal query performance at scale. Resolve the issue by replacing \`auth.<function>()\` with \`(select auth.<function>())\`. See [docs](https://supabase.com/docs/guides/database/postgres/row-level-security#call-functions-with-select) for more info.,https://supabase.com/docs/guides/database/database-linter?lint=0003_auth_rls_initplan,"{""name"":""app_versions"",""type"":""table"",""schema"":""public""}",auth_rls_init_plan_public_app_versions_Only admins can update app versions
auth_rls_initplan,Auth RLS Initialization Plan,WARN,EXTERNAL,"[""PERFORMANCE""]",Detects if calls to \`current_setting()\` and \`auth.<function>()\` in RLS policies are being unnecessarily re-evaluated for each row,Table \`public.app_versions\` has a row level security policy \`Only admins can insert app versions\` that re-evaluates current_setting() or auth.<function>() for each row. This produces suboptimal query performance at scale. Resolve the issue by replacing \`auth.<function>()\` with \`(select auth.<function>())\`. See [docs](https://supabase.com/docs/guides/database/postgres/row-level-security#call-functions-with-select) for more info.,https://supabase.com/docs/guides/database/database-linter?lint=0003_auth_rls_initplan,"{""name"":""app_versions"",""type"":""table"",""schema"":""public""}",auth_rls_init_plan_public_app_versions_Only admins can insert app versions
auth_rls_initplan,Auth RLS Initialization Plan,WARN,EXTERNAL,"[""PERFORMANCE""]",Detects if calls to \`current_setting()\` and \`auth.<function>()\` in RLS policies are being unnecessarily re-evaluated for each row,Table \`public.mmp_site_entries\` has a row level security policy \`mmp_site_entries_update_authenticated\` that re-evaluates current_setting() or auth.<function>() for each row. This produces suboptimal query performance at scale. Resolve the issue by replacing \`auth.<function>()\` with \`(select auth.<function>())\`. See [docs](https://supabase.com/docs/guides/database/postgres/row-level-security#call-functions-with-select) for more info.,https://supabase.com/docs/guides/database/database-linter?lint=0003_auth_rls_initplan,"{""name"":""mmp_site_entries"",""type"":""table"",""schema"":""public""}",auth_rls_init_plan_public_mmp_site_entries_mmp_site_entries_update_authenticated
auth_rls_initplan,Auth RLS Initialization Plan,WARN,EXTERNAL,"[""PERFORMANCE""]",Detects if calls to \`current_setting()\` and \`auth.<function>()\` in RLS policies are being unnecessarily re-evaluated for each row,Table \`public.site_visit_cost_submissions\` has a row level security policy \`Users can view own submissions\` that re-evaluates current_setting() or auth.<function>() for each row. This produces suboptimal query performance at scale. Resolve the issue by replacing \`auth.<function>()\` with \`(select auth.<function>())\`. See [docs](https://supabase.com/docs/guides/database/postgres/row-level-security#call-functions-with-select) for more info.,https://supabase.com/docs/guides/database/database-linter?lint=0003_auth_rls_initplan,"{""name"":""site_visit_cost_submissions"",""type"":""table"",""schema"":""public""}",auth_rls_init_plan_public_site_visit_cost_submissions_Users can view own submissions
auth_rls_initplan,Auth RLS Initialization Plan,WARN,EXTERNAL,"[""PERFORMANCE""]",Detects if calls to \`current_setting()\` and \`auth.<function>()\` in RLS policies are being unnecessarily re-evaluated for each row,Table \`public.site_visit_cost_submissions\` has a row level security policy \`Admins can update submissions\` that re-evaluates current_setting() or auth.<function>() for each row. This produces suboptimal query performance at scale. Resolve the issue by replacing \`auth.<function>()\` with \`(select auth.<function>())\`. See [docs](https://supabase.com/docs/guides/database/postgres/row-level-security#call-functions-with-select) for more info.,https://supabase.com/docs/guides/database/database-linter?lint=0003_auth_rls_initplan,"{""name"":""site_visit_cost_submissions"",""type"":""table"",""schema"":""public""}",auth_rls_init_plan_public_site_visit_cost_submissions_Admins can update submissions
auth_rls_initplan,Auth RLS Initialization Plan,WARN,EXTERNAL,"[""PERFORMANCE""]",Detects if calls to \`current_setting()\` and \`auth.<function>()\` in RLS policies are being unnecessarily re-evaluated for each row,Table \`public.site_visit_cost_submissions\` has a row level security policy \`Users can delete own pending submissions\` that re-evaluates current_setting() or auth.<function>() for each row. This produces suboptimal query performance at scale. Resolve the issue by replacing \`auth.<function>()\` with \`(select auth.<function>())\`. See [docs](https://supabase.com/docs/guides/database/postgres/row-level-security#call-functions-with-select) for more info.,https://supabase.com/docs/guides/database/database-linter?lint=0003_auth_rls_initplan,"{""name"":""site_visit_cost_submissions"",""type"":""table"",""schema"":""public""}",auth_rls_init_plan_public_site_visit_cost_submissions_Users can delete own pending submissions
auth_rls_initplan,Auth RLS Initialization Plan,WARN,EXTERNAL,"[""PERFORMANCE""]",Detects if calls to \`current_setting()\` and \`auth.<function>()\` in RLS policies are being unnecessarily re-evaluated for each row,Table \`public.cost_approval_history\` has a row level security policy \`Users can view relevant history\` that re-evaluates current_setting() or auth.<function>() for each row. This produces suboptimal query performance at scale. Resolve the issue by replacing \`auth.<function>()\` with \`(select auth.<function>())\`. See [docs](https://supabase.com/docs/guides/database/postgres/row-level-security#call-functions-with-select) for more info.,https://supabase.com/docs/guides/database/database-linter?lint=0003_auth_rls_initplan,"{""name"":""cost_approval_history"",""type"":""table"",""schema"":""public""}",auth_rls_init_plan_public_cost_approval_history_Users can view relevant history
auth_rls_initplan,Auth RLS Initialization Plan,WARN,EXTERNAL,"[""PERFORMANCE""]",Detects if calls to \`current_setting()\` and \`auth.<function>()\` in RLS policies are being unnecessarily re-evaluated for each row,Table \`public.notifications\` has a row level security policy \`Allow recipients to read their notifications\` that re-evaluates current_setting() or auth.<function>() for each row. This produces suboptimal query performance at scale. Resolve the issue by replacing \`auth.<function>()\` with \`(select auth.<function>())\`. See [docs](https://supabase.com/docs/guides/database/postgres/row-level-security#call-functions-with-select) for more info.,https://supabase.com/docs/guides/database/database-linter?lint=0003_auth_rls_initplan,"{""name"":""notifications"",""type"":""table"",""schema"":""public""}",auth_rls_init_plan_public_notifications_Allow recipients to read their notifications
auth_rls_initplan,Auth RLS Initialization Plan,WARN,EXTERNAL,"[""PERFORMANCE""]",Detects if calls to \`current_setting()\` and \`auth.<function>()\` in RLS policies are being unnecessarily re-evaluated for each row,Table \`public.mmp_site_entries\` has a row level security policy \`mmp_site_entries_select_authenticated\` that re-evaluates current_setting() or auth.<function>() for each row. This produces suboptimal query performance at scale. Resolve the issue by replacing \`auth.<function>()\` with \`(select auth.<function>())\`. See [docs](https://supabase.com/docs/guides/database/postgres/row-level-security#call-functions-with-select) for more info.,https://supabase.com/docs/guides/database/database-linter?lint=0003_auth_rls_initplan,"{""name"":""mmp_site_entries"",""type"":""table"",""schema"":""public""}",auth_rls_init_plan_public_mmp_site_entries_mmp_site_entries_select_authenticated
auth_rls_initplan,Auth RLS Initialization Plan,WARN,EXTERNAL,"[""PERFORMANCE""]",Detects if calls to \`current_setting()\` and \`auth.<function>()\` in RLS policies are being unnecessarily re-evaluated for each row,Table \`public.audit_logs\` has a row level security policy \`Super admins can read audit logs\` that re-evaluates current_setting() or auth.<function>() for each row. This produces suboptimal query performance at scale. Resolve the issue by replacing \`auth.<function>()\` with \`(select auth.<function>())\`. See [docs](https://supabase.com/docs/guides/database/postgres/row-level-security#call-functions-with-select) for more info.,https://supabase.com/docs/guides/database/database-linter?lint=0003_auth_rls_initplan,"{""name"":""audit_logs"",""type"":""table"",""schema"":""public""}",auth_rls_init_plan_public_audit_logs_Super admins can read audit logs
auth_rls_initplan,Auth RLS Initialization Plan,WARN,EXTERNAL,"[""PERFORMANCE""]",Detects if calls to \`current_setting()\` and \`auth.<function>()\` in RLS policies are being unnecessarily re-evaluated for each row,Table \`public.audit_logs\` has a row level security policy \`Admins can read audit logs\` that re-evaluates current_setting() or auth.<function>() for each row. This produces suboptimal query performance at scale. Resolve the issue by replacing \`auth.<function>()\` with \`(select auth.<function>())\`. See [docs](https://supabase.com/docs/guides/database/postgres/row-level-security#call-functions-with-select) for more info.,https://supabase.com/docs/guides/database/database-linter?lint=0003_auth_rls_initplan,"{""name"":""audit_logs"",""type"":""table"",""schema"":""public""}",auth_rls_init_plan_public_audit_logs_Admins can read audit logs
auth_rls_initplan,Auth RLS Initialization Plan,WARN,EXTERNAL,"[""PERFORMANCE""]",Detects if calls to \`current_setting()\` and \`auth.<function>()\` in RLS policies are being unnecessarily re-evaluated for each row,Table \`public.audit_logs\` has a row level security policy \`Users can insert own audit logs\` that re-evaluates current_setting() or auth.<function>() for each row. This produces suboptimal query performance at scale. Resolve the issue by replacing \`auth.<function>()\` with \`(select auth.<function>())\`. See [docs](https://supabase.com/docs/guides/database/postgres/row-level-security#call-functions-with-select) for more info.,https://supabase.com/docs/guides/database/database-linter?lint=0003_auth_rls_initplan,"{""name"":""audit_logs"",""type"":""table"",""schema"":""public""}",auth_rls_init_plan_public_audit_logs_Users can insert own audit logs
auth_rls_initplan,Auth RLS Initialization Plan,WARN,EXTERNAL,"[""PERFORMANCE""]",Detects if calls to \`current_setting()\` and \`auth.<function>()\` in RLS policies are being unnecessarily re-evaluated for each row,Table \`public.handwriting_signatures\` has a row level security policy \`Users can view their own signatures\` that re-evaluates current_setting() or auth.<function>() for each row. This produces suboptimal query performance at scale. Resolve the issue by replacing \`auth.<function>()\` with \`(select auth.<function>())\`. See [docs](https://supabase.com/docs/guides/database/postgres/row-level-security#call-functions-with-select) for more info.,https://supabase.com/docs/guides/database/database-linter?lint=0003_auth_rls_initplan,"{""name"":""handwriting_signatures"",""type"":""table"",""schema"":""public""}",auth_rls_init_plan_public_handwriting_signatures_Users can view their own signatures
auth_rls_initplan,Auth RLS Initialization Plan,WARN,EXTERNAL,"[""PERFORMANCE""]",Detects if calls to \`current_setting()\` and \`auth.<function>()\` in RLS policies are being unnecessarily re-evaluated for each row,Table \`public.handwriting_signatures\` has a row level security policy \`Users can insert their own signatures\` that re-evaluates current_setting() or auth.<function>() for each row. This produces suboptimal query performance at scale. Resolve the issue by replacing \`auth.<function>()\` with \`(select auth.<function>())\`. See [docs](https://supabase.com/docs/guides/database/postgres/row-level-security#call-functions-with-select) for more info.,https://supabase.com/docs/guides/database/database-linter?lint=0003_auth_rls_initplan,"{""name"":""handwriting_signatures"",""type"":""table"",""schema"":""public""}",auth_rls_init_plan_public_handwriting_signatures_Users can insert their own signatures
auth_rls_initplan,Auth RLS Initialization Plan,WARN,EXTERNAL,"[""PERFORMANCE""]",Detects if calls to \`current_setting()\` and \`auth.<function>()\` in RLS policies are being unnecessarily re-evaluated for each row,Table \`public.handwriting_signatures\` has a row level security policy \`Users can update their own signatures\` that re-evaluates current_setting() or auth.<function>() for each row. This produces suboptimal query performance at scale. Resolve the issue by replacing \`auth.<function>()\` with \`(select auth.<function>())\`. See [docs](https://supabase.com/docs/guides/database/postgres/row-level-security#call-functions-with-select) for more info.,https://supabase.com/docs/guides/database/database-linter?lint=0003_auth_rls_initplan,"{""name"":""handwriting_signatures"",""type"":""table"",""schema"":""public""}",auth_rls_init_plan_public_handwriting_signatures_Users can update their own signatures
auth_rls_initplan,Auth RLS Initialization Plan,WARN,EXTERNAL,"[""PERFORMANCE""]",Detects if calls to \`current_setting()\` and \`auth.<function>()\` in RLS policies are being unnecessarily re-evaluated for each row,Table \`public.down_payment_requests\` has a row level security policy \`down_payment_requests_user_view\` that re-evaluates current_setting() or auth.<function>() for each row. This produces suboptimal query performance at scale. Resolve the issue by replacing \`auth.<function>()\` with \`(select auth.<function>())\`. See [docs](https://supabase.com/docs/guides/database/postgres/row-level-security#call-functions-with-select) for more info.,https://supabase.com/docs/guides/database/database-linter?lint=0003_auth_rls_initplan,"{""name"":""down_payment_requests"",""type"":""table"",""schema"":""public""}",auth_rls_init_plan_public_down_payment_requests_down_payment_requests_user_view
auth_rls_initplan,Auth RLS Initialization Plan,WARN,EXTERNAL,"[""PERFORMANCE""]",Detects if calls to \`current_setting()\` and \`auth.<function>()\` in RLS policies are being unnecessarily re-evaluated for each row,Table \`public.down_payment_requests\` has a row level security policy \`down_payment_requests_user_create\` that re-evaluates current_setting() or auth.<function>() for each row. This produces suboptimal query performance at scale. Resolve the issue by replacing \`auth.<function>()\` with \`(select auth.<function>())\`. See [docs](https://supabase.com/docs/guides/database/postgres/row-level-security#call-functions-with-select) for more info.,https://supabase.com/docs/guides/database/database-linter?lint=0003_auth_rls_initplan,"{""name"":""down_payment_requests"",""type"":""table"",""schema"":""public""}",auth_rls_init_plan_public_down_payment_requests_down_payment_requests_user_create
auth_rls_initplan,Auth RLS Initialization Plan,WARN,EXTERNAL,"[""PERFORMANCE""]",Detects if calls to \`current_setting()\` and \`auth.<function>()\` in RLS policies are being unnecessarily re-evaluated for each row,Table \`public.down_payment_requests\` has a row level security policy \`down_payment_requests_supervisor_view\` that re-evaluates current_setting() or auth.<function>() for each row. This produces suboptimal query performance at scale. Resolve the issue by replacing \`auth.<function>()\` with \`(select auth.<function>())\`. See [docs](https://supabase.com/docs/guides/database/postgres/row-level-security#call-functions-with-select) for more info.,https://supabase.com/docs/guides/database/database-linter?lint=0003_auth_rls_initplan,"{""name"":""down_payment_requests"",""type"":""table"",""schema"":""public""}",auth_rls_init_plan_public_down_payment_requests_down_payment_requests_supervisor_view
auth_rls_initplan,Auth RLS Initialization Plan,WARN,EXTERNAL,"[""PERFORMANCE""]",Detects if calls to \`current_setting()\` and \`auth.<function>()\` in RLS policies are being unnecessarily re-evaluated for each row,Table \`public.down_payment_requests\` has a row level security policy \`down_payment_requests_supervisor_update\` that re-evaluates current_setting() or auth.<function>() for each row. This produces suboptimal query performance at scale. Resolve the issue by replacing \`auth.<function>()\` with \`(select auth.<function>())\`. See [docs](https://supabase.com/docs/guides/database/postgres/row-level-security#call-functions-with-select) for more info.,https://supabase.com/docs/guides/database/database-linter?lint=0003_auth_rls_initplan,"{""name"":""down_payment_requests"",""type"":""table"",""schema"":""public""}",auth_rls_init_plan_public_down_payment_requests_down_payment_requests_supervisor_update
auth_rls_initplan,Auth RLS Initialization Plan,WARN,EXTERNAL,"[""PERFORMANCE""]",Detects if calls to \`current_setting()\` and \`auth.<function>()\` in RLS policies are being unnecessarily re-evaluated for each row,Table \`public.down_payment_requests\` has a row level security policy \`down_payment_requests_admin_all\` that re-evaluates current_setting() or auth.<function>() for each row. This produces suboptimal query performance at scale. Resolve the issue by replacing \`auth.<function>()\` with \`(select auth.<function>())\`. See [docs](https://supabase.com/docs/guides/database/postgres/row-level-security#call-functions-with-select) for more info.,https://supabase.com/docs/guides/database/database-linter?lint=0003_auth_rls_initplan,"{""name"":""down_payment_requests"",""type"":""table"",""schema"":""public""}",auth_rls_init_plan_public_down_payment_requests_down_payment_requests_admin_all
auth_rls_initplan,Auth RLS Initialization Plan,WARN,EXTERNAL,"[""PERFORMANCE""]",Detects if calls to \`current_setting()\` and \`auth.<function>()\` in RLS policies are being unnecessarily re-evaluated for each row,Table \`public.audit_logs\` has a row level security policy \`authenticated_insert_own_audit_logs\` that re-evaluates current_setting() or auth.<function>() for each row. This produces suboptimal query performance at scale. Resolve the issue by replacing \`auth.<function>()\` with \`(select auth.<function>())\`. See [docs](https://supabase.com/docs/guides/database/postgres/row-level-security#call-functions-with-select) for more info.,https://supabase.com/docs/guides/database/database-linter?lint=0003_auth_rls_initplan,"{""name"":""audit_logs"",""type"":""table"",""schema"":""public""}",auth_rls_init_plan_public_audit_logs_authenticated_insert_own_audit_logs
auth_rls_initplan,Auth RLS Initialization Plan,WARN,EXTERNAL,"[""PERFORMANCE""]",Detects if calls to \`current_setting()\` and \`auth.<function>()\` in RLS policies are being unnecessarily re-evaluated for each row,Table \`public.audit_logs\` has a row level security policy \`authenticated_select_own_audit_logs\` that re-evaluates current_setting() or auth.<function>() for each row. This produces suboptimal query performance at scale. Resolve the issue by replacing \`auth.<function>()\` with \`(select auth.<function>())\`. See [docs](https://supabase.com/docs/guides/database/postgres/row-level-security#call-functions-with-select) for more info.,https://supabase.com/docs/guides/database/database-linter?lint=0003_auth_rls_initplan,"{""name"":""audit_logs"",""type"":""table"",""schema"":""public""}",auth_rls_init_plan_public_audit_logs_authenticated_select_own_audit_logs
auth_rls_initplan,Auth RLS Initialization Plan,WARN,EXTERNAL,"[""PERFORMANCE""]",Detects if calls to \`current_setting()\` and \`auth.<function>()\` in RLS policies are being unnecessarily re-evaluated for each row,Table \`public.audit_logs\` has a row level security policy \`admin_select_all_audit_logs\` that re-evaluates current_setting() or auth.<function>() for each row. This produces suboptimal query performance at scale. Resolve the issue by replacing \`auth.<function>()\` with \`(select auth.<function>())\`. See [docs](https://supabase.com/docs/guides/database/postgres/row-level-security#call-functions-with-select) for more info.,https://supabase.com/docs/guides/database/database-linter?lint=0003_auth_rls_initplan,"{""name"":""audit_logs"",""type"":""table"",""schema"":""public""}",auth_rls_init_plan_public_audit_logs_admin_select_all_audit_logs
auth_rls_initplan,Auth RLS Initialization Plan,WARN,EXTERNAL,"[""PERFORMANCE""]",Detects if calls to \`current_setting()\` and \`auth.<function>()\` in RLS policies are being unnecessarily re-evaluated for each row,Table \`public.cost_adjustment_audit\` has a row level security policy \`cost_adjustment_audit_admin_create\` that re-evaluates current_setting() or auth.<function>() for each row. This produces suboptimal query performance at scale. Resolve the issue by replacing \`auth.<function>()\` with \`(select auth.<function>())\`. See [docs](https://supabase.com/docs/guides/database/postgres/row-level-security#call-functions-with-select) for more info.,https://supabase.com/docs/guides/database/database-linter?lint=0003_auth_rls_initplan,"{""name"":""cost_adjustment_audit"",""type"":""table"",""schema"":""public""}",auth_rls_init_plan_public_cost_adjustment_audit_cost_adjustment_audit_admin_create
auth_rls_initplan,Auth RLS Initialization Plan,WARN,EXTERNAL,"[""PERFORMANCE""]",Detects if calls to \`current_setting()\` and \`auth.<function>()\` in RLS policies are being unnecessarily re-evaluated for each row,Table \`public.cost_adjustment_audit\` has a row level security policy \`cost_adjustment_audit_view\` that re-evaluates current_setting() or auth.<function>() for each row. This produces suboptimal query performance at scale. Resolve the issue by replacing \`auth.<function>()\` with \`(select auth.<function>())\`. See [docs](https://supabase.com/docs/guides/database/postgres/row-level-security#call-functions-with-select) for more info.,https://supabase.com/docs/guides/database/database-linter?lint=0003_auth_rls_initplan,"{""name"":""cost_adjustment_audit"",""type"":""table"",""schema"":""public""}",auth_rls_init_plan_public_cost_adjustment_audit_cost_adjustment_audit_view
auth_rls_initplan,Auth RLS Initialization Plan,WARN,EXTERNAL,"[""PERFORMANCE""]",Detects if calls to \`current_setting()\` and \`auth.<function>()\` in RLS policies are being unnecessarily re-evaluated for each row,Table \`public.super_admins\` has a row level security policy \`super_admins_view_own\` that re-evaluates current_setting() or auth.<function>() for each row. This produces suboptimal query performance at scale. Resolve the issue by replacing \`auth.<function>()\` with \`(select auth.<function>())\`. See [docs](https://supabase.com/docs/guides/database/postgres/row-level-security#call-functions-with-select) for more info.,https://supabase.com/docs/guides/database/database-linter?lint=0003_auth_rls_initplan,"{""name"":""super_admins"",""type"":""table"",""schema"":""public""}",auth_rls_init_plan_public_super_admins_super_admins_view_own
auth_rls_initplan,Auth RLS Initialization Plan,WARN,EXTERNAL,"[""PERFORMANCE""]",Detects if calls to \`current_setting()\` and \`auth.<function>()\` in RLS policies are being unnecessarily re-evaluated for each row,Table \`public.super_admins\` has a row level security policy \`super_admins_view_admin\` that re-evaluates current_setting() or auth.<function>() for each row. This produces suboptimal query performance at scale. Resolve the issue by replacing \`auth.<function>()\` with \`(select auth.<function>())\`. See [docs](https://supabase.com/docs/guides/database/postgres/row-level-security#call-functions-with-select) for more info.,https://supabase.com/docs/guides/database/database-linter?lint=0003_auth_rls_initplan,"{""name"":""super_admins"",""type"":""table"",""schema"":""public""}",auth_rls_init_plan_public_super_admins_super_admins_view_admin
auth_rls_initplan,Auth RLS Initialization Plan,WARN,EXTERNAL,"[""PERFORMANCE""]",Detects if calls to \`current_setting()\` and \`auth.<function>()\` in RLS policies are being unnecessarily re-evaluated for each row,Table \`public.deletion_audit_log\` has a row level security policy \`deletion_audit_log_super_admin_create\` that re-evaluates current_setting() or auth.<function>() for each row. This produces suboptimal query performance at scale. Resolve the issue by replacing \`auth.<function>()\` with \`(select auth.<function>())\`. See [docs](https://supabase.com/docs/guides/database/postgres/row-level-security#call-functions-with-select) for more info.,https://supabase.com/docs/guides/database/database-linter?lint=0003_auth_rls_initplan,"{""name"":""deletion_audit_log"",""type"":""table"",""schema"":""public""}",auth_rls_init_plan_public_deletion_audit_log_deletion_audit_log_super_admin_create
auth_rls_initplan,Auth RLS Initialization Plan,WARN,EXTERNAL,"[""PERFORMANCE""]",Detects if calls to \`current_setting()\` and \`auth.<function>()\` in RLS policies are being unnecessarily re-evaluated for each row,Table \`public.deletion_audit_log\` has a row level security policy \`deletion_audit_log_view\` that re-evaluates current_setting() or auth.<function>() for each row. This produces suboptimal query performance at scale. Resolve the issue by replacing \`auth.<function>()\` with \`(select auth.<function>())\`. See [docs](https://supabase.com/docs/guides/database/postgres/row-level-security#call-functions-with-select) for more info.,https://supabase.com/docs/guides/database/database-linter?lint=0003_auth_rls_initplan,"{""name"":""deletion_audit_log"",""type"":""table"",""schema"":""public""}",auth_rls_init_plan_public_deletion_audit_log_deletion_audit_log_view
auth_rls_initplan,Auth RLS Initialization Plan,WARN,EXTERNAL,"[""PERFORMANCE""]",Detects if calls to \`current_setting()\` and \`auth.<function>()\` in RLS policies are being unnecessarily re-evaluated for each row,Table \`public.user_roles\` has a row level security policy \`Admins can manage user roles\` that re-evaluates current_setting() or auth.<function>() for each row. This produces suboptimal query performance at scale. Resolve the issue by replacing \`auth.<function>()\` with \`(select auth.<function>())\`. See [docs](https://supabase.com/docs/guides/database/postgres/row-level-security#call-functions-with-select) for more info.,https://supabase.com/docs/guides/database/database-linter?lint=0003_auth_rls_initplan,"{""name"":""user_roles"",""type"":""table"",""schema"":""public""}",auth_rls_init_plan_public_user_roles_Admins can manage user roles
auth_rls_initplan,Auth RLS Initialization Plan,WARN,EXTERNAL,"[""PERFORMANCE""]",Detects if calls to \`current_setting()\` and \`auth.<function>()\` in RLS policies are being unnecessarily re-evaluated for each row,Table \`public.user_roles\` has a row level security policy \`Users can view their own roles\` that re-evaluates current_setting() or auth.<function>() for each row. This produces suboptimal query performance at scale. Resolve the issue by replacing \`auth.<function>()\` with \`(select auth.<function>())\`. See [docs](https://supabase.com/docs/guides/database/postgres/row-level-security#call-functions-with-select) for more info.,https://supabase.com/docs/guides/database/database-linter?lint=0003_auth_rls_initplan,"{""name"":""user_roles"",""type"":""table"",""schema"":""public""}",auth_rls_init_plan_public_user_roles_Users can view their own roles
auth_rls_initplan,Auth RLS Initialization Plan,WARN,EXTERNAL,"[""PERFORMANCE""]",Detects if calls to \`current_setting()\` and \`auth.<function>()\` in RLS policies are being unnecessarily re-evaluated for each row,Table \`public.super_admins\` has a row level security policy \`super_admins_select_all\` that re-evaluates current_setting() or auth.<function>() for each row. This produces suboptimal query performance at scale. Resolve the issue by replacing \`auth.<function>()\` with \`(select auth.<function>())\`. See [docs](https://supabase.com/docs/guides/database/postgres/row-level-security#call-functions-with-select) for more info.,https://supabase.com/docs/guides/database/database-linter?lint=0003_auth_rls_initplan,"{""name"":""super_admins"",""type"":""table"",""schema"":""public""}",auth_rls_init_plan_public_super_admins_super_admins_select_all
auth_rls_initplan,Auth RLS Initialization Plan,WARN,EXTERNAL,"[""PERFORMANCE""]",Detects if calls to \`current_setting()\` and \`auth.<function>()\` in RLS policies are being unnecessarily re-evaluated for each row,Table \`public.super_admins\` has a row level security policy \`super_admins_manage\` that re-evaluates current_setting() or auth.<function>() for each row. This produces suboptimal query performance at scale. Resolve the issue by replacing \`auth.<function>()\` with \`(select auth.<function>())\`. See [docs](https://supabase.com/docs/guides/database/postgres/row-level-security#call-functions-with-select) for more info.,https://supabase.com/docs/guides/database/database-linter?lint=0003_auth_rls_initplan,"{""name"":""super_admins"",""type"":""table"",""schema"":""public""}",auth_rls_init_plan_public_super_admins_super_admins_manage
auth_rls_initplan,Auth RLS Initialization Plan,WARN,EXTERNAL,"[""PERFORMANCE""]",Detects if calls to \`current_setting()\` and \`auth.<function>()\` in RLS policies are being unnecessarily re-evaluated for each row,Table \`public.super_admins\` has a row level security policy \`Super admins can view all super_admins\` that re-evaluates current_setting() or auth.<function>() for each row. This produces suboptimal query performance at scale. Resolve the issue by replacing \`auth.<function>()\` with \`(select auth.<function>())\`. See [docs](https://supabase.com/docs/guides/database/postgres/row-level-security#call-functions-with-select) for more info.,https://supabase.com/docs/guides/database/database-linter?lint=0003_auth_rls_initplan,"{""name"":""super_admins"",""type"":""table"",""schema"":""public""}",auth_rls_init_plan_public_super_admins_Super admins can view all super_admins
auth_rls_initplan,Auth RLS Initialization Plan,WARN,EXTERNAL,"[""PERFORMANCE""]",Detects if calls to \`current_setting()\` and \`auth.<function>()\` in RLS policies are being unnecessarily re-evaluated for each row,Table \`public.super_admins\` has a row level security policy \`Allow super admin write\` that re-evaluates current_setting() or auth.<function>() for each row. This produces suboptimal query performance at scale. Resolve the issue by replacing \`auth.<function>()\` with \`(select auth.<function>())\`. See [docs](https://supabase.com/docs/guides/database/postgres/row-level-security#call-functions-with-select) for more info.,https://supabase.com/docs/guides/database/database-linter?lint=0003_auth_rls_initplan,"{""name"":""super_admins"",""type"":""table"",""schema"":""public""}",auth_rls_init_plan_public_super_admins_Allow super admin write
multiple_permissive_policies,Multiple Permissive Policies,WARN,EXTERNAL,"[""PERFORMANCE""]",Detects if multiple permissive row level security policies are present on a table for the same \`role\` and \`action\` (e.g. insert). Multiple permissive policies are suboptimal for performance as each policy must be executed for every relevant query.,"Table \`public.audit_logs\` has multiple permissive policies for role \`anon\` for action \`INSERT\`. Policies include \`{""Allow authenticated users to insert audit logs"",""System can insert audit logs""}\`",https://supabase.com/docs/guides/database/database-linter?lint=0006_multiple_permissive_policies,"{""name"":""audit_logs"",""type"":""table"",""schema"":""public""}",multiple_permissive_policies_public_audit_logs_anon_INSERT
multiple_permissive_policies,Multiple Permissive Policies,WARN,EXTERNAL,"[""PERFORMANCE""]",Detects if multiple permissive row level security policies are present on a table for the same \`role\` and \`action\` (e.g. insert). Multiple permissive policies are suboptimal for performance as each policy must be executed for every relevant query.,"Table \`public.audit_logs\` has multiple permissive policies for role \`anon\` for action \`SELECT\`. Policies include \`{""Admins can read audit logs"",""Allow authenticated users to read audit logs"",""Super admins can read audit logs""}\`",https://supabase.com/docs/guides/database/database-linter?lint=0006_multiple_permissive_policies,"{""name"":""audit_logs"",""type"":""table"",""schema"":""public""}",multiple_permissive_policies_public_audit_logs_anon_SELECT
multiple_permissive_policies,Multiple Permissive Policies,WARN,EXTERNAL,"[""PERFORMANCE""]",Detects if multiple permissive row level security policies are present on a table for the same \`role\` and \`action\` (e.g. insert). Multiple permissive policies are suboptimal for performance as each policy must be executed for every relevant query.,"Table \`public.chat_messages\` has multiple permissive policies for role \`anon\` for action \`INSERT\`. Policies include \`{""Users can insert messages in their chats"",chat_messages_insert_participant}\`",https://supabase.com/docs/guides/database/database-linter?lint=0006_multiple_permissive_policies,"{""name"":""chat_messages"",""type"":""table"",""schema"":""public""}",multiple_permissive_policies_public_chat_messages_anon_INSERT
multiple_permissive_policies,Multiple Permissive Policies,WARN,EXTERNAL,"[""PERFORMANCE""]",Detects if multiple permissive row level security policies are present on a table for the same \`role\` and \`action\` (e.g. insert). Multiple permissive policies are suboptimal for performance as each policy must be executed for every relevant query.,"Table \`public.chat_messages\` has multiple permissive policies for role \`anon\` for action \`SELECT\`. Policies include \`{""Users can view messages in their chats"",chat_messages_select_participant}\`",https://supabase.com/docs/guides/database/database-linter?lint=0006_multiple_permissive_policies,"{""name"":""chat_messages"",""type"":""table"",""schema"":""public""}",multiple_permissive_policies_public_chat_messages_anon_SELECT
multiple_permissive_policies,Multiple Permissive Policies,WARN,EXTERNAL,"[""PERFORMANCE""]",Detects if multiple permissive row level security policies are present on a table for the same \`role\` and \`action\` (e.g. insert). Multiple permissive policies are suboptimal for performance as each policy must be executed for every relevant query.,"Table \`public.chat_participants\` has multiple permissive policies for role \`anon\` for action \`DELETE\`. Policies include \`{""Users can manage their own chat participants"",chat_participants_delete_self_or_owner}\`",https://supabase.com/docs/guides/database/database-linter?lint=0006_multiple_permissive_policies,"{""name"":""chat_participants"",""type"":""table"",""schema"":""public""}",multiple_permissive_policies_public_chat_participants_anon_DELETE
multiple_permissive_policies,Multiple Permissive Policies,WARN,EXTERNAL,"[""PERFORMANCE""]",Detects if multiple permissive row level security policies are present on a table for the same \`role\` and \`action\` (e.g. insert). Multiple permissive policies are suboptimal for performance as each policy must be executed for every relevant query.,"Table \`public.chat_participants\` has multiple permissive policies for role \`anon\` for action \`INSERT\`. Policies include \`{""Users can manage their own chat participants"",chat_participants_insert_self_or_owner}\`",https://supabase.com/docs/guides/database/database-linter?lint=0006_multiple_permissive_policies,"{""name"":""chat_participants"",""type"":""table"",""schema"":""public""}",multiple_permissive_policies_public_chat_participants_anon_INSERT
multiple_permissive_policies,Multiple Permissive Policies,WARN,EXTERNAL,"[""PERFORMANCE""]",Detects if multiple permissive row level security policies are present on a table for the same \`role\` and \`action\` (e.g. insert). Multiple permissive policies are suboptimal for performance as each policy must be executed for every relevant query.,"Table \`public.chat_participants\` has multiple permissive policies for role \`anon\` for action \`SELECT\`. Policies include \`{""Users can manage their own chat participants"",chat_participants_select_in_same_chat,chat_participants_select_self}\`",https://supabase.com/docs/guides/database/database-linter?lint=0006_multiple_permissive_policies,"{""name"":""chat_participants"",""type"":""table"",""schema"":""public""}",multiple_permissive_policies_public_chat_participants_anon_SELECT
multiple_permissive_policies,Multiple Permissive Policies,WARN,EXTERNAL,"[""PERFORMANCE""]",Detects if multiple permissive row level security policies are present on a table for the same \`role\` and \`action\` (e.g. insert). Multiple permissive policies are suboptimal for performance as each policy must be executed for every relevant query.,"Table \`public.chats\` has multiple permissive policies for role \`anon\` for action \`SELECT\`. Policies include \`{chats_select_creator,chats_select_participant}\`",https://supabase.com/docs/guides/database/database-linter?lint=0006_multiple_permissive_policies,"{""name"":""chats"",""type"":""table"",""schema"":""public""}",multiple_permissive_policies_public_chats_anon_SELECT
multiple_permissive_policies,Multiple Permissive Policies,WARN,EXTERNAL,"[""PERFORMANCE""]",Detects if multiple permissive row level security policies are present on a table for the same \`role\` and \`action\` (e.g. insert). Multiple permissive policies are suboptimal for performance as each policy must be executed for every relevant query.,"Table \`public.classification_fee_structures\` has multiple permissive policies for role \`anon\` for action \`SELECT\`. Policies include \`{""Admin manage classification_fee_structures"",""Public read classification_fee_structures""}\`",https://supabase.com/docs/guides/database/database-linter?lint=0006_multiple_permissive_policies,"{""name"":""classification_fee_structures"",""type"":""table"",""schema"":""public""}",multiple_permissive_policies_public_classification_fee_structures_anon_SELECT
multiple_permissive_policies,Multiple Permissive Policies,WARN,EXTERNAL,"[""PERFORMANCE""]",Detects if multiple permissive row level security policies are present on a table for the same \`role\` and \`action\` (e.g. insert). Multiple permissive policies are suboptimal for performance as each policy must be executed for every relevant query.,"Table \`public.dashboard_settings\` has multiple permissive policies for role \`anon\` for action \`DELETE\`. Policies include \`{dashboard_settings_delete_own,dashboard_settings_modify_own}\`",https://supabase.com/docs/guides/database/database-linter?lint=0006_multiple_permissive_policies,"{""name"":""dashboard_settings"",""type"":""table"",""schema"":""public""}",multiple_permissive_policies_public_dashboard_settings_anon_DELETE
multiple_permissive_policies,Multiple Permissive Policies,WARN,EXTERNAL,"[""PERFORMANCE""]",Detects if multiple permissive row level security policies are present on a table for the same \`role\` and \`action\` (e.g. insert). Multiple permissive policies are suboptimal for performance as each policy must be executed for every relevant query.,"Table \`public.dashboard_settings\` has multiple permissive policies for role \`anon\` for action \`INSERT\`. Policies include \`{dashboard_settings_insert_own,dashboard_settings_modify_own}\`",https://supabase.com/docs/guides/database/database-linter?lint=0006_multiple_permissive_policies,"{""name"":""dashboard_settings"",""type"":""table"",""schema"":""public""}",multiple_permissive_policies_public_dashboard_settings_anon_INSERT
multiple_permissive_policies,Multiple Permissive Policies,WARN,EXTERNAL,"[""PERFORMANCE""]",Detects if multiple permissive row level security policies are present on a table for the same \`role\` and \`action\` (e.g. insert). Multiple permissive policies are suboptimal for performance as each policy must be executed for every relevant query.,"Table \`public.dashboard_settings\` has multiple permissive policies for role \`anon\` for action \`SELECT\`. Policies include \`{dashboard_settings_modify_own,dashboard_settings_select_own}\`",https://supabase.com/docs/guides/database/database-linter?lint=0006_multiple_permissive_policies,"{""name"":""dashboard_settings"",""type"":""table"",""schema"":""public""}",multiple_permissive_policies_public_dashboard_settings_anon_SELECT
multiple_permissive_policies,Multiple Permissive Policies,WARN,EXTERNAL,"[""PERFORMANCE""]",Detects if multiple permissive row level security policies are present on a table for the same \`role\` and \`action\` (e.g. insert). Multiple permissive policies are suboptimal for performance as each policy must be executed for every relevant query.,"Table \`public.dashboard_settings\` has multiple permissive policies for role \`anon\` for action \`UPDATE\`. Policies include \`{dashboard_settings_modify_own,dashboard_settings_update_own}\`",https://supabase.com/docs/guides/database/database-linter?lint=0006_multiple_permissive_policies,"{""name"":""dashboard_settings"",""type"":""table"",""schema"":""public""}",multiple_permissive_policies_public_dashboard_settings_anon_UPDATE
multiple_permissive_policies,Multiple Permissive Policies,WARN,EXTERNAL,"[""PERFORMANCE""]",Detects if multiple permissive row level security policies are present on a table for the same \`role\` and \`action\` (e.g. insert). Multiple permissive policies are suboptimal for performance as each policy must be executed for every relevant query.,"Table \`public.data_visibility_settings\` has multiple permissive policies for role \`anon\` for action \`DELETE\`. Policies include \`{data_visibility_settings_delete_own,data_visibility_settings_modify_own}\`",https://supabase.com/docs/guides/database/database-linter?lint=0006_multiple_permissive_policies,"{""name"":""data_visibility_settings"",""type"":""table"",""schema"":""public""}",multiple_permissive_policies_public_data_visibility_settings_anon_DELETE
multiple_permissive_policies,Multiple Permissive Policies,WARN,EXTERNAL,"[""PERFORMANCE""]",Detects if multiple permissive row level security policies are present on a table for the same \`role\` and \`action\` (e.g. insert). Multiple permissive policies are suboptimal for performance as each policy must be executed for every relevant query.,"Table \`public.data_visibility_settings\` has multiple permissive policies for role \`anon\` for action \`INSERT\`. Policies include \`{data_visibility_settings_insert_own,data_visibility_settings_modify_own}\`",https://supabase.com/docs/guides/database/database-linter?lint=0006_multiple_permissive_policies,"{""name"":""data_visibility_settings"",""type"":""table"",""schema"":""public""}",multiple_permissive_policies_public_data_visibility_settings_anon_INSERT
multiple_permissive_policies,Multiple Permissive Policies,WARN,EXTERNAL,"[""PERFORMANCE""]",Detects if multiple permissive row level security policies are present on a table for the same \`role\` and \`action\` (e.g. insert). Multiple permissive policies are suboptimal for performance as each policy must be executed for every relevant query.,"Table \`public.data_visibility_settings\` has multiple permissive policies for role \`anon\` for action \`SELECT\`. Policies include \`{data_visibility_settings_modify_own,data_visibility_settings_select_own}\`",https://supabase.com/docs/guides/database/database-linter?lint=0006_multiple_permissive_policies,"{""name"":""data_visibility_settings"",""type"":""table"",""schema"":""public""}",multiple_permissive_policies_public_data_visibility_settings_anon_SELECT
multiple_permissive_policies,Multiple Permissive Policies,WARN,EXTERNAL,"[""PERFORMANCE""]",Detects if multiple permissive row level security policies are present on a table for the same \`role\` and \`action\` (e.g. insert). Multiple permissive policies are suboptimal for performance as each policy must be executed for every relevant query.,"Table \`public.data_visibility_settings\` has multiple permissive policies for role \`anon\` for action \`UPDATE\`. Policies include \`{data_visibility_settings_modify_own,data_visibility_settings_update_own}\`",https://supabase.com/docs/guides/database/database-linter?lint=0006_multiple_permissive_policies,"{""name"":""data_visibility_settings"",""type"":""table"",""schema"":""public""}",multiple_permissive_policies_public_data_visibility_settings_anon_UPDATE
multiple_permissive_policies,Multiple Permissive Policies,WARN,EXTERNAL,"[""PERFORMANCE""]",Detects if multiple permissive row level security policies are present on a table for the same \`role\` and \`action\` (e.g. insert). Multiple permissive policies are suboptimal for performance as each policy must be executed for every relevant query.,"Table \`public.down_payment_requests\` has multiple permissive policies for role \`anon\` for action \`INSERT\`. Policies include \`{down_payment_requests_admin_all,down_payment_requests_user_create}\`",https://supabase.com/docs/guides/database/database-linter?lint=0006_multiple_permissive_policies,"{""name"":""down_payment_requests"",""type"":""table"",""schema"":""public""}",multiple_permissive_policies_public_down_payment_requests_anon_INSERT
multiple_permissive_policies,Multiple Permissive Policies,WARN,EXTERNAL,"[""PERFORMANCE""]",Detects if multiple permissive row level security policies are present on a table for the same \`role\` and \`action\` (e.g. insert). Multiple permissive policies are suboptimal for performance as each policy must be executed for every relevant query.,"Table \`public.down_payment_requests\` has multiple permissive policies for role \`anon\` for action \`SELECT\`. Policies include \`{down_payment_requests_admin_all,down_payment_requests_supervisor_view,down_payment_requests_user_view}\`",https://supabase.com/docs/guides/database/database-linter?lint=0006_multiple_permissive_policies,"{""name"":""down_payment_requests"",""type"":""table"",""schema"":""public""}",multiple_permissive_policies_public_down_payment_requests_anon_SELECT
multiple_permissive_policies,Multiple Permissive Policies,WARN,EXTERNAL,"[""PERFORMANCE""]",Detects if multiple permissive row level security policies are present on a table for the same \`role\` and \`action\` (e.g. insert). Multiple permissive policies are suboptimal for performance as each policy must be executed for every relevant query.,"Table \`public.down_payment_requests\` has multiple permissive policies for role \`anon\` for action \`UPDATE\`. Policies include \`{down_payment_requests_admin_all,down_payment_requests_supervisor_update}\`",https://supabase.com/docs/guides/database/database-linter?lint=0006_multiple_permissive_policies,"{""name"":""down_payment_requests"",""type"":""table"",""schema"":""public""}",multiple_permissive_policies_public_down_payment_requests_anon_UPDATE
multiple_permissive_policies,Multiple Permissive Policies,WARN,EXTERNAL,"[""PERFORMANCE""]",Detects if multiple permissive row level security policies are present on a table for the same \`role\` and \`action\` (e.g. insert). Multiple permissive policies are suboptimal for performance as each policy must be executed for every relevant query.,"Table \`public.feedback\` has multiple permissive policies for role \`anon\` for action \`SELECT\`. Policies include \`{feedback_select_admin,feedback_select_own}\`",https://supabase.com/docs/guides/database/database-linter?lint=0006_multiple_permissive_policies,"{""name"":""feedback"",""type"":""table"",""schema"":""public""}",multiple_permissive_policies_public_feedback_anon_SELECT
multiple_permissive_policies,Multiple Permissive Policies,WARN,EXTERNAL,"[""PERFORMANCE""]",Detects if multiple permissive row level security policies are present on a table for the same \`role\` and \`action\` (e.g. insert). Multiple permissive policies are suboptimal for performance as each policy must be executed for every relevant query.,"Table \`public.hub_states\` has multiple permissive policies for role \`anon\` for action \`SELECT\`. Policies include \`{""Admins can manage hub_states"",""Anyone can read hub_states""}\`",https://supabase.com/docs/guides/database/database-linter?lint=0006_multiple_permissive_policies,"{""name"":""hub_states"",""type"":""table"",""schema"":""public""}",multiple_permissive_policies_public_hub_states_anon_SELECT
multiple_permissive_policies,Multiple Permissive Policies,WARN,EXTERNAL,"[""PERFORMANCE""]",Detects if multiple permissive row level security policies are present on a table for the same \`role\` and \`action\` (e.g. insert). Multiple permissive policies are suboptimal for performance as each policy must be executed for every relevant query.,"Table \`public.hubs\` has multiple permissive policies for role \`anon\` for action \`SELECT\`. Policies include \`{""Admins can manage hubs"",""Anyone can read hubs""}\`",https://supabase.com/docs/guides/database/database-linter?lint=0006_multiple_permissive_policies,"{""name"":""hubs"",""type"":""table"",""schema"":""public""}",multiple_permissive_policies_public_hubs_anon_SELECT
multiple_permissive_policies,Multiple Permissive Policies,WARN,EXTERNAL,"[""PERFORMANCE""]",Detects if multiple permissive row level security policies are present on a table for the same \`role\` and \`action\` (e.g. insert). Multiple permissive policies are suboptimal for performance as each policy must be executed for every relevant query.,"Table \`public.mmp_files\` has multiple permissive policies for role \`anon\` for action \`SELECT\`. Policies include \`{""Allow read for all"",mmp_files_all_auth}\`",https://supabase.com/docs/guides/database/database-linter?lint=0006_multiple_permissive_policies,"{""name"":""mmp_files"",""type"":""table"",""schema"":""public""}",multiple_permissive_policies_public_mmp_files_anon_SELECT
multiple_permissive_policies,Multiple Permissive Policies,WARN,EXTERNAL,"[""PERFORMANCE""]",Detects if multiple permissive row level security policies are present on a table for the same \`role\` and \`action\` (e.g. insert). Multiple permissive policies are suboptimal for performance as each policy must be executed for every relevant query.,"Table \`public.mmp_site_entries\` has multiple permissive policies for role \`anon\` for action \`SELECT\`. Policies include \`{""Allow select mmp_site_entries for authenticated"",mmp_site_entries_select_authenticated}\`",https://supabase.com/docs/guides/database/database-linter?lint=0006_multiple_permissive_policies,"{""name"":""mmp_site_entries"",""type"":""table"",""schema"":""public""}",multiple_permissive_policies_public_mmp_site_entries_anon_SELECT
multiple_permissive_policies,Multiple Permissive Policies,WARN,EXTERNAL,"[""PERFORMANCE""]",Detects if multiple permissive row level security policies are present on a table for the same \`role\` and \`action\` (e.g. insert). Multiple permissive policies are suboptimal for performance as each policy must be executed for every relevant query.,"Table \`public.mmp_site_entries\` has multiple permissive policies for role \`anon\` for action \`UPDATE\`. Policies include \`{""Allow update mmp_site_entries for authenticated"",mmp_site_entries_update_authenticated}\`",https://supabase.com/docs/guides/database/database-linter?lint=0006_multiple_permissive_policies,"{""name"":""mmp_site_entries"",""type"":""table"",""schema"":""public""}",multiple_permissive_policies_public_mmp_site_entries_anon_UPDATE
multiple_permissive_policies,Multiple Permissive Policies,WARN,EXTERNAL,"[""PERFORMANCE""]",Detects if multiple permissive row level security policies are present on a table for the same \`role\` and \`action\` (e.g. insert). Multiple permissive policies are suboptimal for performance as each policy must be executed for every relevant query.,"Table \`public.notifications\` has multiple permissive policies for role \`anon\` for action \`DELETE\`. Policies include \`{""Users can delete own notifications"",""Users delete own notifications""}\`",https://supabase.com/docs/guides/database/database-linter?lint=0006_multiple_permissive_policies,"{""name"":""notifications"",""type"":""table"",""schema"":""public""}",multiple_permissive_policies_public_notifications_anon_DELETE
multiple_permissive_policies,Multiple Permissive Policies,WARN,EXTERNAL,"[""PERFORMANCE""]",Detects if multiple permissive row level security policies are present on a table for the same \`role\` and \`action\` (e.g. insert). Multiple permissive policies are suboptimal for performance as each policy must be executed for every relevant query.,"Table \`public.notifications\` has multiple permissive policies for role \`anon\` for action \`INSERT\`. Policies include \`{""Service can insert notifications"",""Service role inserts""}\`",https://supabase.com/docs/guides/database/database-linter?lint=0006_multiple_permissive_policies,"{""name"":""notifications"",""type"":""table"",""schema"":""public""}",multiple_permissive_policies_public_notifications_anon_INSERT
multiple_permissive_policies,Multiple Permissive Policies,WARN,EXTERNAL,"[""PERFORMANCE""]",Detects if multiple permissive row level security policies are present on a table for the same \`role\` and \`action\` (e.g. insert). Multiple permissive policies are suboptimal for performance as each policy must be executed for every relevant query.,"Table \`public.notifications\` has multiple permissive policies for role \`anon\` for action \`SELECT\`. Policies include \`{""Allow recipients to read their notifications"",""Users can read own notifications"",""Users view own notifications""}\`",https://supabase.com/docs/guides/database/database-linter?lint=0006_multiple_permissive_policies,"{""name"":""notifications"",""type"":""table"",""schema"":""public""}",multiple_permissive_policies_public_notifications_anon_SELECT
multiple_permissive_policies,Multiple Permissive Policies,WARN,EXTERNAL,"[""PERFORMANCE""]",Detects if multiple permissive row level security policies are present on a table for the same \`role\` and \`action\` (e.g. insert). Multiple permissive policies are suboptimal for performance as each policy must be executed for every relevant query.,"Table \`public.notifications\` has multiple permissive policies for role \`anon\` for action \`UPDATE\`. Policies include \`{""Users can update own notifications"",""Users update own notifications""}\`",https://supabase.com/docs/guides/database/database-linter?lint=0006_multiple_permissive_policies,"{""name"":""notifications"",""type"":""table"",""schema"":""public""}",multiple_permissive_policies_public_notifications_anon_UPDATE
multiple_permissive_policies,Multiple Permissive Policies,WARN,EXTERNAL,"[""PERFORMANCE""]",Detects if multiple permissive row level security policies are present on a table for the same \`role\` and \`action\` (e.g. insert). Multiple permissive policies are suboptimal for performance as each policy must be executed for every relevant query.,"Table \`public.payout_requests\` has multiple permissive policies for role \`anon\` for action \`SELECT\`. Policies include \`{""Users can view their own payout requests"",payout_select}\`",https://supabase.com/docs/guides/database/database-linter?lint=0006_multiple_permissive_policies,"{""name"":""payout_requests"",""type"":""table"",""schema"":""public""}",multiple_permissive_policies_public_payout_requests_anon_SELECT
multiple_permissive_policies,Multiple Permissive Policies,WARN,EXTERNAL,"[""PERFORMANCE""]",Detects if multiple permissive row level security policies are present on a table for the same \`role\` and \`action\` (e.g. insert). Multiple permissive policies are suboptimal for performance as each policy must be executed for every relevant query.,"Table \`public.permissions\` has multiple permissive policies for role \`anon\` for action \`SELECT\`. Policies include \`{permissions_modify_admin_only,permissions_select_all_auth}\`",https://supabase.com/docs/guides/database/database-linter?lint=0006_multiple_permissive_policies,"{""name"":""permissions"",""type"":""table"",""schema"":""public""}",multiple_permissive_policies_public_permissions_anon_SELECT
multiple_permissive_policies,Multiple Permissive Policies,WARN,EXTERNAL,"[""PERFORMANCE""]",Detects if multiple permissive row level security policies are present on a table for the same \`role\` and \`action\` (e.g. insert). Multiple permissive policies are suboptimal for performance as each policy must be executed for every relevant query.,"Table \`public.profiles\` has multiple permissive policies for role \`anon\` for action \`UPDATE\`. Policies include \`{profiles_admin_update,profiles_update_admin,profiles_update_admin_ict,profiles_update_own}\`",https://supabase.com/docs/guides/database/database-linter?lint=0006_multiple_permissive_policies,"{""name"":""profiles"",""type"":""table"",""schema"":""public""}",multiple_permissive_policies_public_profiles_anon_UPDATE
multiple_permissive_policies,Multiple Permissive Policies,WARN,EXTERNAL,"[""PERFORMANCE""]",Detects if multiple permissive row level security policies are present on a table for the same \`role\` and \`action\` (e.g. insert). Multiple permissive policies are suboptimal for performance as each policy must be executed for every relevant query.,"Table \`public.roles\` has multiple permissive policies for role \`anon\` for action \`SELECT\`. Policies include \`{roles_modify_admin_only,roles_select_all_auth}\`",https://supabase.com/docs/guides/database/database-linter?lint=0006_multiple_permissive_policies,"{""name"":""roles"",""type"":""table"",""schema"":""public""}",multiple_permissive_policies_public_roles_anon_SELECT
multiple_permissive_policies,Multiple Permissive Policies,WARN,EXTERNAL,"[""PERFORMANCE""]",Detects if multiple permissive row level security policies are present on a table for the same \`role\` and \`action\` (e.g. insert). Multiple permissive policies are suboptimal for performance as each policy must be executed for every relevant query.,"Table \`public.site_visit_cost_submissions\` has multiple permissive policies for role \`anon\` for action \`UPDATE\`. Policies include \`{""Admins can update submissions"",""Users can update own pending submissions""}\`",https://supabase.com/docs/guides/database/database-linter?lint=0006_multiple_permissive_policies,"{""name"":""site_visit_cost_submissions"",""type"":""table"",""schema"":""public""}",multiple_permissive_policies_public_site_visit_cost_submissions_anon_UPDATE
multiple_permissive_policies,Multiple Permissive Policies,WARN,EXTERNAL,"[""PERFORMANCE""]",Detects if multiple permissive row level security policies are present on a table for the same \`role\` and \`action\` (e.g. insert). Multiple permissive policies are suboptimal for performance as each policy must be executed for every relevant query.,"Table \`public.site_visit_costs\` has multiple permissive policies for role \`anon\` for action \`DELETE\`. Policies include \`{""Admins and supervisors can manage site visit costs"",""Supervisors can manage site visit costs""}\`",https://supabase.com/docs/guides/database/database-linter?lint=0006_multiple_permissive_policies,"{""name"":""site_visit_costs"",""type"":""table"",""schema"":""public""}",multiple_permissive_policies_public_site_visit_costs_anon_DELETE
multiple_permissive_policies,Multiple Permissive Policies,WARN,EXTERNAL,"[""PERFORMANCE""]",Detects if multiple permissive row level security policies are present on a table for the same \`role\` and \`action\` (e.g. insert). Multiple permissive policies are suboptimal for performance as each policy must be executed for every relevant query.,"Table \`public.site_visit_costs\` has multiple permissive policies for role \`anon\` for action \`INSERT\`. Policies include \`{""Admins and supervisors can manage site visit costs"",""Supervisors can manage site visit costs""}\`",https://supabase.com/docs/guides/database/database-linter?lint=0006_multiple_permissive_policies,"{""name"":""site_visit_costs"",""type"":""table"",""schema"":""public""}",multiple_permissive_policies_public_site_visit_costs_anon_INSERT
multiple_permissive_policies,Multiple Permissive Policies,WARN,EXTERNAL,"[""PERFORMANCE""]",Detects if multiple permissive row level security policies are present on a table for the same \`role\` and \`action\` (e.g. insert). Multiple permissive policies are suboptimal for performance as each policy must be executed for every relevant query.,"Table \`public.site_visit_costs\` has multiple permissive policies for role \`anon\` for action \`SELECT\`. Policies include \`{""Admins and supervisors can manage site visit costs"",""Supervisors can manage site visit costs"",""Users can view site visit costs"",""Users can view site visit costs for their assigned visits""}\`",https://supabase.com/docs/guides/database/database-linter?lint=0006_multiple_permissive_policies,"{""name"":""site_visit_costs"",""type"":""table"",""schema"":""public""}",multiple_permissive_policies_public_site_visit_costs_anon_SELECT
multiple_permissive_policies,Multiple Permissive Policies,WARN,EXTERNAL,"[""PERFORMANCE""]",Detects if multiple permissive row level security policies are present on a table for the same \`role\` and \`action\` (e.g. insert). Multiple permissive policies are suboptimal for performance as each policy must be executed for every relevant query.,"Table \`public.site_visit_costs\` has multiple permissive policies for role \`anon\` for action \`UPDATE\`. Policies include \`{""Admins and supervisors can manage site visit costs"",""Supervisors can manage site visit costs""}\`",https://supabase.com/docs/guides/database/database-linter?lint=0006_multiple_permissive_policies,"{""name"":""site_visit_costs"",""type"":""table"",""schema"":""public""}",multiple_permissive_policies_public_site_visit_costs_anon_UPDATE
multiple_permissive_policies,Multiple Permissive Policies,WARN,EXTERNAL,"[""PERFORMANCE""]",Detects if multiple permissive row level security policies are present on a table for the same \`role\` and \`action\` (e.g. insert). Multiple permissive policies are suboptimal for performance as each policy must be executed for every relevant query.,"Table \`public.sites_registry\` has multiple permissive policies for role \`anon\` for action \`SELECT\`. Policies include \`{""Admins can manage sites_registry"",""Anyone can read sites_registry""}\`",https://supabase.com/docs/guides/database/database-linter?lint=0006_multiple_permissive_policies,"{""name"":""sites_registry"",""type"":""table"",""schema"":""public""}",multiple_permissive_policies_public_sites_registry_anon_SELECT
multiple_permissive_policies,Multiple Permissive Policies,WARN,EXTERNAL,"[""PERFORMANCE""]",Detects if multiple permissive row level security policies are present on a table for the same \`role\` and \`action\` (e.g. insert). Multiple permissive policies are suboptimal for performance as each policy must be executed for every relevant query.,"Table \`public.super_admins\` has multiple permissive policies for role \`anon\` for action \`SELECT\`. Policies include \`{""Super admins can view all super_admins"",super_admins_manage,super_admins_select_all,super_admins_select_self,super_admins_view_admin,super_admins_view_own}\`",https://supabase.com/docs/guides/database/database-linter?lint=0006_multiple_permissive_policies,"{""name"":""super_admins"",""type"":""table"",""schema"":""public""}",multiple_permissive_policies_public_super_admins_anon_SELECT
multiple_permissive_policies,Multiple Permissive Policies,WARN,EXTERNAL,"[""PERFORMANCE""]",Detects if multiple permissive row level security policies are present on a table for the same \`role\` and \`action\` (e.g. insert). Multiple permissive policies are suboptimal for performance as each policy must be executed for every relevant query.,"Table \`public.user_classifications\` has multiple permissive policies for role \`anon\` for action \`SELECT\`. Policies include \`{""Admin manage user_classifications"",""Public read user_classifications""}\`",https://supabase.com/docs/guides/database/database-linter?lint=0006_multiple_permissive_policies,"{""name"":""user_classifications"",""type"":""table"",""schema"":""public""}",multiple_permissive_policies_public_user_classifications_anon_SELECT
multiple_permissive_policies,Multiple Permissive Policies,WARN,EXTERNAL,"[""PERFORMANCE""]",Detects if multiple permissive row level security policies are present on a table for the same \`role\` and \`action\` (e.g. insert). Multiple permissive policies are suboptimal for performance as each policy must be executed for every relevant query.,"Table \`public.user_roles\` has multiple permissive policies for role \`anon\` for action \`DELETE\`. Policies include \`{""Admins can manage user roles"",user_roles_modify_admin_ict}\`",https://supabase.com/docs/guides/database/database-linter?lint=0006_multiple_permissive_policies,"{""name"":""user_roles"",""type"":""table"",""schema"":""public""}",multiple_permissive_policies_public_user_roles_anon_DELETE
multiple_permissive_policies,Multiple Permissive Policies,WARN,EXTERNAL,"[""PERFORMANCE""]",Detects if multiple permissive row level security policies are present on a table for the same \`role\` and \`action\` (e.g. insert). Multiple permissive policies are suboptimal for performance as each policy must be executed for every relevant query.,"Table \`public.user_roles\` has multiple permissive policies for role \`anon\` for action \`INSERT\`. Policies include \`{""Admins can manage user roles"",user_roles_modify_admin_ict}\`",https://supabase.com/docs/guides/database/database-linter?lint=0006_multiple_permissive_policies,"{""name"":""user_roles"",""type"":""table"",""schema"":""public""}",multiple_permissive_policies_public_user_roles_anon_INSERT
multiple_permissive_policies,Multiple Permissive Policies,WARN,EXTERNAL,"[""PERFORMANCE""]",Detects if multiple permissive row level security policies are present on a table for the same \`role\` and \`action\` (e.g. insert). Multiple permissive policies are suboptimal for performance as each policy must be executed for every relevant query.,"Table \`public.user_roles\` has multiple permissive policies for role \`anon\` for action \`SELECT\`. Policies include \`{""Admins can manage user roles"",""Users can view their own roles"",user_roles_modify_admin_ict,user_roles_select_self_or_admin}\`",https://supabase.com/docs/guides/database/database-linter?lint=0006_multiple_permissive_policies,"{""name"":""user_roles"",""type"":""table"",""schema"":""public""}",multiple_permissive_policies_public_user_roles_anon_SELECT
multiple_permissive_policies,Multiple Permissive Policies,WARN,EXTERNAL,"[""PERFORMANCE""]",Detects if multiple permissive row level security policies are present on a table for the same \`role\` and \`action\` (e.g. insert). Multiple permissive policies are suboptimal for performance as each policy must be executed for every relevant query.,"Table \`public.user_roles\` has multiple permissive policies for role \`anon\` for action \`UPDATE\`. Policies include \`{""Admins can manage user roles"",user_roles_modify_admin_ict}\`",https://supabase.com/docs/guides/database/database-linter?lint=0006_multiple_permissive_policies,"{""name"":""user_roles"",""type"":""table"",""schema"":""public""}",multiple_permissive_policies_public_user_roles_anon_UPDATE
multiple_permissive_policies,Multiple Permissive Policies,WARN,EXTERNAL,"[""PERFORMANCE""]",Detects if multiple permissive row level security policies are present on a table for the same \`role\` and \`action\` (e.g. insert). Multiple permissive policies are suboptimal for performance as each policy must be executed for every relevant query.,"Table \`public.user_settings\` has multiple permissive policies for role \`anon\` for action \`DELETE\`. Policies include \`{user_settings_delete_own,user_settings_modify_own}\`",https://supabase.com/docs/guides/database/database-linter?lint=0006_multiple_permissive_policies,"{""name"":""user_settings"",""type"":""table"",""schema"":""public""}",multiple_permissive_policies_public_user_settings_anon_DELETE
multiple_permissive_policies,Multiple Permissive Policies,WARN,EXTERNAL,"[""PERFORMANCE""]",Detects if multiple permissive row level security policies are present on a table for the same \`role\` and \`action\` (e.g. insert). Multiple permissive policies are suboptimal for performance as each policy must be executed for every relevant query.,"Table \`public.user_settings\` has multiple permissive policies for role \`anon\` for action \`INSERT\`. Policies include \`{user_settings_insert_own,user_settings_modify_own}\`",https://supabase.com/docs/guides/database/database-linter?lint=0006_multiple_permissive_policies,"{""name"":""user_settings"",""type"":""table"",""schema"":""public""}",multiple_permissive_policies_public_user_settings_anon_INSERT
multiple_permissive_policies,Multiple Permissive Policies,WARN,EXTERNAL,"[""PERFORMANCE""]",Detects if multiple permissive row level security policies are present on a table for the same \`role\` and \`action\` (e.g. insert). Multiple permissive policies are suboptimal for performance as each policy must be executed for every relevant query.,"Table \`public.user_settings\` has multiple permissive policies for role \`anon\` for action \`SELECT\`. Policies include \`{user_settings_modify_own,user_settings_select_own}\`",https://supabase.com/docs/guides/database/database-linter?lint=0006_multiple_permissive_policies,"{""name"":""user_settings"",""type"":""table"",""schema"":""public""}",multiple_permissive_policies_public_user_settings_anon_SELECT
multiple_permissive_policies,Multiple Permissive Policies,WARN,EXTERNAL,"[""PERFORMANCE""]",Detects if multiple permissive row level security policies are present on a table for the same \`role\` and \`action\` (e.g. insert). Multiple permissive policies are suboptimal for performance as each policy must be executed for every relevant query.,"Table \`public.user_settings\` has multiple permissive policies for role \`anon\` for action \`UPDATE\`. Policies include \`{user_settings_modify_own,user_settings_update_own}\`",https://supabase.com/docs/guides/database/database-linter?lint=0006_multiple_permissive_policies,"{""name"":""user_settings"",""type"":""table"",""schema"":""public""}",multiple_permissive_policies_public_user_settings_anon_UPDATE
multiple_permissive_policies,Multiple Permissive Policies,WARN,EXTERNAL,"[""PERFORMANCE""]",Detects if multiple permissive row level security policies are present on a table for the same \`role\` and \`action\` (e.g. insert). Multiple permissive policies are suboptimal for performance as each policy must be executed for every relevant query.,"Table \`public.wallet_settings\` has multiple permissive policies for role \`anon\` for action \`DELETE\`. Policies include \`{""Users can manage their own wallet settings"",wallet_settings_delete_own,wallet_settings_modify_own}\`",https://supabase.com/docs/guides/database/database-linter?lint=0006_multiple_permissive_policies,"{""name"":""wallet_settings"",""type"":""table"",""schema"":""public""}",multiple_permissive_policies_public_wallet_settings_anon_DELETE
multiple_permissive_policies,Multiple Permissive Policies,WARN,EXTERNAL,"[""PERFORMANCE""]",Detects if multiple permissive row level security policies are present on a table for the same \`role\` and \`action\` (e.g. insert). Multiple permissive policies are suboptimal for performance as each policy must be executed for every relevant query.,"Table \`public.wallet_settings\` has multiple permissive policies for role \`anon\` for action \`INSERT\`. Policies include \`{""Users can manage their own wallet settings"",wallet_settings_insert_own,wallet_settings_modify_own}\`",https://supabase.com/docs/guides/database/database-linter?lint=0006_multiple_permissive_policies,"{""name"":""wallet_settings"",""type"":""table"",""schema"":""public""}",multiple_permissive_policies_public_wallet_settings_anon_INSERT
multiple_permissive_policies,Multiple Permissive Policies,WARN,EXTERNAL,"[""PERFORMANCE""]",Detects if multiple permissive row level security policies are present on a table for the same \`role\` and \`action\` (e.g. insert). Multiple permissive policies are suboptimal for performance as each policy must be executed for every relevant query.,"Table \`public.wallet_settings\` has multiple permissive policies for role \`anon\` for action \`SELECT\`. Policies include \`{""Users can manage their own wallet settings"",wallet_settings_modify_own,wallet_settings_select_own}\`",https://supabase.com/docs/guides/database/database-linter?lint=0006_multiple_permissive_policies,"{""name"":""wallet_settings"",""type"":""table"",""schema"":""public""}",multiple_permissive_policies_public_wallet_settings_anon_SELECT
multiple_permissive_policies,Multiple Permissive Policies,WARN,EXTERNAL,"[""PERFORMANCE""]",Detects if multiple permissive row level security policies are present on a table for the same \`role\` and \`action\` (e.g. insert). Multiple permissive policies are suboptimal for performance as each policy must be executed for every relevant query.,"Table \`public.wallet_settings\` has multiple permissive policies for role \`anon\` for action \`UPDATE\`. Policies include \`{""Users can manage their own wallet settings"",wallet_settings_modify_own,wallet_settings_update_own}\`",https://supabase.com/docs/guides/database/database-linter?lint=0006_multiple_permissive_policies,"{""name"":""wallet_settings"",""type"":""table"",""schema"":""public""}",multiple_permissive_policies_public_wallet_settings_anon_UPDATE
multiple_permissive_policies,Multiple Permissive Policies,WARN,EXTERNAL,"[""PERFORMANCE""]",Detects if multiple permissive row level security policies are present on a table for the same \`role\` and \`action\` (e.g. insert). Multiple permissive policies are suboptimal for performance as each policy must be executed for every relevant query.,"Table \`public.wallet_transactions\` has multiple permissive policies for role \`anon\` for action \`INSERT\`. Policies include \`{""Admins can manage all transactions"",""System can insert transactions""}\`",https://supabase.com/docs/guides/database/database-linter?lint=0006_multiple_permissive_policies,"{""name"":""wallet_transactions"",""type"":""table"",""schema"":""public""}",multiple_permissive_policies_public_wallet_transactions_anon_INSERT
multiple_permissive_policies,Multiple Permissive Policies,WARN,EXTERNAL,"[""PERFORMANCE""]",Detects if multiple permissive row level security policies are present on a table for the same \`role\` and \`action\` (e.g. insert). Multiple permissive policies are suboptimal for performance as each policy must be executed for every relevant query.,"Table \`public.wallet_transactions\` has multiple permissive policies for role \`anon\` for action \`SELECT\`. Policies include \`{""Admins can manage all transactions"",""Admins can view all transactions"",""Users can view their own transactions"",wallet_tx_select}\`",https://supabase.com/docs/guides/database/database-linter?lint=0006_multiple_permissive_policies,"{""name"":""wallet_transactions"",""type"":""table"",""schema"":""public""}",multiple_permissive_policies_public_wallet_transactions_anon_SELECT
multiple_permissive_policies,Multiple Permissive Policies,WARN,EXTERNAL,"[""PERFORMANCE""]",Detects if multiple permissive row level security policies are present on a table for the same \`role\` and \`action\` (e.g. insert). Multiple permissive policies are suboptimal for performance as each policy must be executed for every relevant query.,"Table \`public.wallet_transactions\` has multiple permissive policies for role \`anon\` for action \`UPDATE\`. Policies include \`{""Admins can manage all transactions"",""Admins can update transactions""}\`",https://supabase.com/docs/guides/database/database-linter?lint=0006_multiple_permissive_policies,"{""name"":""wallet_transactions"",""type"":""table"",""schema"":""public""}",multiple_permissive_policies_public_wallet_transactions_anon_UPDATE
multiple_permissive_policies,Multiple Permissive Policies,WARN,EXTERNAL,"[""PERFORMANCE""]",Detects if multiple permissive row level security policies are present on a table for the same \`role\` and \`action\` (e.g. insert). Multiple permissive policies are suboptimal for performance as each policy must be executed for every relevant query.,"Table \`public.wallets\` has multiple permissive policies for role \`anon\` for action \`INSERT\`. Policies include \`{""Admins can manage all wallets"",""Users can insert their own wallet""}\`",https://supabase.com/docs/guides/database/database-linter?lint=0006_multiple_permissive_policies,"{""name"":""wallets"",""type"":""table"",""schema"":""public""}",multiple_permissive_policies_public_wallets_anon_INSERT
multiple_permissive_policies,Multiple Permissive Policies,WARN,EXTERNAL,"[""PERFORMANCE""]",Detects if multiple permissive row level security policies are present on a table for the same \`role\` and \`action\` (e.g. insert). Multiple permissive policies are suboptimal for performance as each policy must be executed for every relevant query.,"Table \`public.wallets\` has multiple permissive policies for role \`anon\` for action \`SELECT\`. Policies include \`{""Admins can manage all wallets"",""Admins can view all wallets"",""Users can view their own wallet"",wallets_select}\`",https://supabase.com/docs/guides/database/database-linter?lint=0006_multiple_permissive_policies,"{""name"":""wallets"",""type"":""table"",""schema"":""public""}",multiple_permissive_policies_public_wallets_anon_SELECT
multiple_permissive_policies,Multiple Permissive Policies,WARN,EXTERNAL,"[""PERFORMANCE""]",Detects if multiple permissive row level security policies are present on a table for the same \`role\` and \`action\` (e.g. insert). Multiple permissive policies are suboptimal for performance as each policy must be executed for every relevant query.,"Table \`public.wallets\` has multiple permissive policies for role \`anon\` for action \`UPDATE\`. Policies include \`{""Admins can manage all wallets"",""Users can update their own wallet""}\`",https://supabase.com/docs/guides/database/database-linter?lint=0006_multiple_permissive_policies,"{""name"":""wallets"",""type"":""table"",""schema"":""public""}",multiple_permissive_policies_public_wallets_anon_UPDATE
multiple_permissive_policies,Multiple Permissive Policies,WARN,EXTERNAL,"[""PERFORMANCE""]",Detects if multiple permissive row level security policies are present on a table for the same \`role\` and \`action\` (e.g. insert). Multiple permissive policies are suboptimal for performance as each policy must be executed for every relevant query.,"Table \`public.withdrawal_requests\` has multiple permissive policies for role \`anon\` for action \`SELECT\`. Policies include \`{""Supervisors can view all withdrawal requests"",""Users can view their own withdrawal requests""}\`",https://supabase.com/docs/guides/database/database-linter?lint=0006_multiple_permissive_policies,"{""name"":""withdrawal_requests"",""type"":""table"",""schema"":""public""}",multiple_permissive_policies_public_withdrawal_requests_anon_SELECT
multiple_permissive_policies,Multiple Permissive Policies,WARN,EXTERNAL,"[""PERFORMANCE""]",Detects if multiple permissive row level security policies are present on a table for the same \`role\` and \`action\` (e.g. insert). Multiple permissive policies are suboptimal for performance as each policy must be executed for every relevant query.,"Table \`public.withdrawal_requests\` has multiple permissive policies for role \`anon\` for action \`UPDATE\`. Policies include \`{""Supervisors can approve/reject withdrawal requests"",""Users can update their own pending withdrawal requests""}\`",https://supabase.com/docs/guides/database/database-linter?lint=0006_multiple_permissive_policies,"{""name"":""withdrawal_requests"",""type"":""table"",""schema"":""public""}",multiple_permissive_policies_public_withdrawal_requests_anon_UPDATE
multiple_permissive_policies,Multiple Permissive Policies,WARN,EXTERNAL,"[""PERFORMANCE""]",Detects if multiple permissive row level security policies are present on a table for the same \`role\` and \`action\` (e.g. insert). Multiple permissive policies are suboptimal for performance as each policy must be executed for every relevant query.,"Table \`public.audit_logs\` has multiple permissive policies for role \`authenticated\` for action \`INSERT\`. Policies include \`{""Allow authenticated users to insert audit logs"",""Allow service role to insert audit logs"",""System can insert audit logs"",""Users can insert own audit logs"",admin_insert_system_audit_logs,authenticated_insert_own_audit_logs}\`",https://supabase.com/docs/guides/database/database-linter?lint=0006_multiple_permissive_policies,"{""name"":""audit_logs"",""type"":""table"",""schema"":""public""}",multiple_permissive_policies_public_audit_logs_authenticated_INSERT
multiple_permissive_policies,Multiple Permissive Policies,WARN,EXTERNAL,"[""PERFORMANCE""]",Detects if multiple permissive row level security policies are present on a table for the same \`role\` and \`action\` (e.g. insert). Multiple permissive policies are suboptimal for performance as each policy must be executed for every relevant query.,"Table \`public.audit_logs\` has multiple permissive policies for role \`authenticated\` for action \`SELECT\`. Policies include \`{""Admins can read all audit logs"",""Admins can read audit logs"",""Allow authenticated users to read audit logs"",""Super admins can read audit logs"",admin_select_all_audit_logs,authenticated_select_own_audit_logs}\`",https://supabase.com/docs/guides/database/database-linter?lint=0006_multiple_permissive_policies,"{""name"":""audit_logs"",""type"":""table"",""schema"":""public""}",multiple_permissive_policies_public_audit_logs_authenticated_SELECT
multiple_permissive_policies,Multiple Permissive Policies,WARN,EXTERNAL,"[""PERFORMANCE""]",Detects if multiple permissive row level security policies are present on a table for the same \`role\` and \`action\` (e.g. insert). Multiple permissive policies are suboptimal for performance as each policy must be executed for every relevant query.,"Table \`public.chat_messages\` has multiple permissive policies for role \`authenticated\` for action \`INSERT\`. Policies include \`{""Users can insert messages in their chats"",chat_messages_insert_participant}\`",https://supabase.com/docs/guides/database/database-linter?lint=0006_multiple_permissive_policies,"{""name"":""chat_messages"",""type"":""table"",""schema"":""public""}",multiple_permissive_policies_public_chat_messages_authenticated_INSERT
multiple_permissive_policies,Multiple Permissive Policies,WARN,EXTERNAL,"[""PERFORMANCE""]",Detects if multiple permissive row level security policies are present on a table for the same \`role\` and \`action\` (e.g. insert). Multiple permissive policies are suboptimal for performance as each policy must be executed for every relevant query.,"Table \`public.chat_messages\` has multiple permissive policies for role \`authenticated\` for action \`SELECT\`. Policies include \`{""Users can view messages in their chats"",chat_messages_select_participant}\`",https://supabase.com/docs/guides/database/database-linter?lint=0006_multiple_permissive_policies,"{""name"":""chat_messages"",""type"":""table"",""schema"":""public""}",multiple_permissive_policies_public_chat_messages_authenticated_SELECT
multiple_permissive_policies,Multiple Permissive Policies,WARN,EXTERNAL,"[""PERFORMANCE""]",Detects if multiple permissive row level security policies are present on a table for the same \`role\` and \`action\` (e.g. insert). Multiple permissive policies are suboptimal for performance as each policy must be executed for every relevant query.,"Table \`public.chat_participants\` has multiple permissive policies for role \`authenticated\` for action \`DELETE\`. Policies include \`{""Users can manage their own chat participants"",chat_participants_delete_self_or_owner}\`",https://supabase.com/docs/guides/database/database-linter?lint=0006_multiple_permissive_policies,"{""name"":""chat_participants"",""type"":""table"",""schema"":""public""}",multiple_permissive_policies_public_chat_participants_authenticated_DELETE
multiple_permissive_policies,Multiple Permissive Policies,WARN,EXTERNAL,"[""PERFORMANCE""]",Detects if multiple permissive row level security policies are present on a table for the same \`role\` and \`action\` (e.g. insert). Multiple permissive policies are suboptimal for performance as each policy must be executed for every relevant query.,"Table \`public.chat_participants\` has multiple permissive policies for role \`authenticated\` for action \`INSERT\`. Policies include \`{""Users can manage their own chat participants"",chat_participants_insert_self_or_owner}\`",https://supabase.com/docs/guides/database/database-linter?lint=0006_multiple_permissive_policies,"{""name"":""chat_participants"",""type"":""table"",""schema"":""public""}",multiple_permissive_policies_public_chat_participants_authenticated_INSERT
multiple_permissive_policies,Multiple Permissive Policies,WARN,EXTERNAL,"[""PERFORMANCE""]",Detects if multiple permissive row level security policies are present on a table for the same \`role\` and \`action\` (e.g. insert). Multiple permissive policies are suboptimal for performance as each policy must be executed for every relevant query.,"Table \`public.chat_participants\` has multiple permissive policies for role \`authenticated\` for action \`SELECT\`. Policies include \`{""Users can manage their own chat participants"",chat_participants_select_in_same_chat,chat_participants_select_self}\`",https://supabase.com/docs/guides/database/database-linter?lint=0006_multiple_permissive_policies,"{""name"":""chat_participants"",""type"":""table"",""schema"":""public""}",multiple_permissive_policies_public_chat_participants_authenticated_SELECT
multiple_permissive_policies,Multiple Permissive Policies,WARN,EXTERNAL,"[""PERFORMANCE""]",Detects if multiple permissive row level security policies are present on a table for the same \`role\` and \`action\` (e.g. insert). Multiple permissive policies are suboptimal for performance as each policy must be executed for every relevant query.,"Table \`public.chats\` has multiple permissive policies for role \`authenticated\` for action \`SELECT\`. Policies include \`{chats_select_creator,chats_select_participant}\`",https://supabase.com/docs/guides/database/database-linter?lint=0006_multiple_permissive_policies,"{""name"":""chats"",""type"":""table"",""schema"":""public""}",multiple_permissive_policies_public_chats_authenticated_SELECT
multiple_permissive_policies,Multiple Permissive Policies,WARN,EXTERNAL,"[""PERFORMANCE""]",Detects if multiple permissive row level security policies are present on a table for the same \`role\` and \`action\` (e.g. insert). Multiple permissive policies are suboptimal for performance as each policy must be executed for every relevant query.,"Table \`public.classification_fee_structures\` has multiple permissive policies for role \`authenticated\` for action \`SELECT\`. Policies include \`{""Admin manage classification_fee_structures"",""Public read classification_fee_structures""}\`",https://supabase.com/docs/guides/database/database-linter?lint=0006_multiple_permissive_policies,"{""name"":""classification_fee_structures"",""type"":""table"",""schema"":""public""}",multiple_permissive_policies_public_classification_fee_structures_authenticated_SELECT
multiple_permissive_policies,Multiple Permissive Policies,WARN,EXTERNAL,"[""PERFORMANCE""]",Detects if multiple permissive row level security policies are present on a table for the same \`role\` and \`action\` (e.g. insert). Multiple permissive policies are suboptimal for performance as each policy must be executed for every relevant query.,"Table \`public.comprehensive_monitoring_checklists\` has multiple permissive policies for role \`authenticated\` for action \`SELECT\`. Policies include \`{""Admins can view all checklists"",""Users can view own checklists""}\`",https://supabase.com/docs/guides/database/database-linter?lint=0006_multiple_permissive_policies,"{""name"":""comprehensive_monitoring_checklists"",""type"":""table"",""schema"":""public""}",multiple_permissive_policies_public_comprehensive_monitoring_checklists_authenticated_SELECT
multiple_permissive_policies,Multiple Permissive Policies,WARN,EXTERNAL,"[""PERFORMANCE""]",Detects if multiple permissive row level security policies are present on a table for the same \`role\` and \`action\` (e.g. insert). Multiple permissive policies are suboptimal for performance as each policy must be executed for every relevant query.,"Table \`public.dashboard_settings\` has multiple permissive policies for role \`authenticated\` for action \`DELETE\`. Policies include \`{dashboard_settings_delete_own,dashboard_settings_modify_own}\`",https://supabase.com/docs/guides/database/database-linter?lint=0006_multiple_permissive_policies,"{""name"":""dashboard_settings"",""type"":""table"",""schema"":""public""}",multiple_permissive_policies_public_dashboard_settings_authenticated_DELETE
multiple_permissive_policies,Multiple Permissive Policies,WARN,EXTERNAL,"[""PERFORMANCE""]",Detects if multiple permissive row level security policies are present on a table for the same \`role\` and \`action\` (e.g. insert). Multiple permissive policies are suboptimal for performance as each policy must be executed for every relevant query.,"Table \`public.dashboard_settings\` has multiple permissive policies for role \`authenticated\` for action \`INSERT\`. Policies include \`{dashboard_settings_insert_own,dashboard_settings_modify_own}\`",https://supabase.com/docs/guides/database/database-linter?lint=0006_multiple_permissive_policies,"{""name"":""dashboard_settings"",""type"":""table"",""schema"":""public""}",multiple_permissive_policies_public_dashboard_settings_authenticated_INSERT
multiple_permissive_policies,Multiple Permissive Policies,WARN,EXTERNAL,"[""PERFORMANCE""]",Detects if multiple permissive row level security policies are present on a table for the same \`role\` and \`action\` (e.g. insert). Multiple permissive policies are suboptimal for performance as each policy must be executed for every relevant query.,"Table \`public.dashboard_settings\` has multiple permissive policies for role \`authenticated\` for action \`SELECT\`. Policies include \`{dashboard_settings_modify_own,dashboard_settings_select_own}\`",https://supabase.com/docs/guides/database/database-linter?lint=0006_multiple_permissive_policies,"{""name"":""dashboard_settings"",""type"":""table"",""schema"":""public""}",multiple_permissive_policies_public_dashboard_settings_authenticated_SELECT
multiple_permissive_policies,Multiple Permissive Policies,WARN,EXTERNAL,"[""PERFORMANCE""]",Detects if multiple permissive row level security policies are present on a table for the same \`role\` and \`action\` (e.g. insert). Multiple permissive policies are suboptimal for performance as each policy must be executed for every relevant query.,"Table \`public.dashboard_settings\` has multiple permissive policies for role \`authenticated\` for action \`UPDATE\`. Policies include \`{dashboard_settings_modify_own,dashboard_settings_update_own}\`",https://supabase.com/docs/guides/database/database-linter?lint=0006_multiple_permissive_policies,"{""name"":""dashboard_settings"",""type"":""table"",""schema"":""public""}",multiple_permissive_policies_public_dashboard_settings_authenticated_UPDATE
multiple_permissive_policies,Multiple Permissive Policies,WARN,EXTERNAL,"[""PERFORMANCE""]",Detects if multiple permissive row level security policies are present on a table for the same \`role\` and \`action\` (e.g. insert). Multiple permissive policies are suboptimal for performance as each policy must be executed for every relevant query.,"Table \`public.data_visibility_settings\` has multiple permissive policies for role \`authenticated\` for action \`DELETE\`. Policies include \`{data_visibility_settings_delete_own,data_visibility_settings_modify_own}\`",https://supabase.com/docs/guides/database/database-linter?lint=0006_multiple_permissive_policies,"{""name"":""data_visibility_settings"",""type"":""table"",""schema"":""public""}",multiple_permissive_policies_public_data_visibility_settings_authenticated_DELETE
multiple_permissive_policies,Multiple Permissive Policies,WARN,EXTERNAL,"[""PERFORMANCE""]",Detects if multiple permissive row level security policies are present on a table for the same \`role\` and \`action\` (e.g. insert). Multiple permissive policies are suboptimal for performance as each policy must be executed for every relevant query.,"Table \`public.data_visibility_settings\` has multiple permissive policies for role \`authenticated\` for action \`INSERT\`. Policies include \`{data_visibility_settings_insert_own,data_visibility_settings_modify_own}\`",https://supabase.com/docs/guides/database/database-linter?lint=0006_multiple_permissive_policies,"{""name"":""data_visibility_settings"",""type"":""table"",""schema"":""public""}",multiple_permissive_policies_public_data_visibility_settings_authenticated_INSERT
multiple_permissive_policies,Multiple Permissive Policies,WARN,EXTERNAL,"[""PERFORMANCE""]",Detects if multiple permissive row level security policies are present on a table for the same \`role\` and \`action\` (e.g. insert). Multiple permissive policies are suboptimal for performance as each policy must be executed for every relevant query.,"Table \`public.data_visibility_settings\` has multiple permissive policies for role \`authenticated\` for action \`SELECT\`. Policies include \`{data_visibility_settings_modify_own,data_visibility_settings_select_own}\`",https://supabase.com/docs/guides/database/database-linter?lint=0006_multiple_permissive_policies,"{""name"":""data_visibility_settings"",""type"":""table"",""schema"":""public""}",multiple_permissive_policies_public_data_visibility_settings_authenticated_SELECT
multiple_permissive_policies,Multiple Permissive Policies,WARN,EXTERNAL,"[""PERFORMANCE""]",Detects if multiple permissive row level security policies are present on a table for the same \`role\` and \`action\` (e.g. insert). Multiple permissive policies are suboptimal for performance as each policy must be executed for every relevant query.,"Table \`public.data_visibility_settings\` has multiple permissive policies for role \`authenticated\` for action \`UPDATE\`. Policies include \`{data_visibility_settings_modify_own,data_visibility_settings_update_own}\`",https://supabase.com/docs/guides/database/database-linter?lint=0006_multiple_permissive_policies,"{""name"":""data_visibility_settings"",""type"":""table"",""schema"":""public""}",multiple_permissive_policies_public_data_visibility_settings_authenticated_UPDATE
multiple_permissive_policies,Multiple Permissive Policies,WARN,EXTERNAL,"[""PERFORMANCE""]",Detects if multiple permissive row level security policies are present on a table for the same \`role\` and \`action\` (e.g. insert). Multiple permissive policies are suboptimal for performance as each policy must be executed for every relevant query.,"Table \`public.down_payment_requests\` has multiple permissive policies for role \`authenticated\` for action \`INSERT\`. Policies include \`{down_payment_requests_admin_all,down_payment_requests_user_create}\`",https://supabase.com/docs/guides/database/database-linter?lint=0006_multiple_permissive_policies,"{""name"":""down_payment_requests"",""type"":""table"",""schema"":""public""}",multiple_permissive_policies_public_down_payment_requests_authenticated_INSERT
multiple_permissive_policies,Multiple Permissive Policies,WARN,EXTERNAL,"[""PERFORMANCE""]",Detects if multiple permissive row level security policies are present on a table for the same \`role\` and \`action\` (e.g. insert). Multiple permissive policies are suboptimal for performance as each policy must be executed for every relevant query.,"Table \`public.down_payment_requests\` has multiple permissive policies for role \`authenticated\` for action \`SELECT\`. Policies include \`{down_payment_requests_admin_all,down_payment_requests_supervisor_view,down_payment_requests_user_view}\`",https://supabase.com/docs/guides/database/database-linter?lint=0006_multiple_permissive_policies,"{""name"":""down_payment_requests"",""type"":""table"",""schema"":""public""}",multiple_permissive_policies_public_down_payment_requests_authenticated_SELECT
multiple_permissive_policies,Multiple Permissive Policies,WARN,EXTERNAL,"[""PERFORMANCE""]",Detects if multiple permissive row level security policies are present on a table for the same \`role\` and \`action\` (e.g. insert). Multiple permissive policies are suboptimal for performance as each policy must be executed for every relevant query.,"Table \`public.down_payment_requests\` has multiple permissive policies for role \`authenticated\` for action \`UPDATE\`. Policies include \`{down_payment_requests_admin_all,down_payment_requests_supervisor_update}\`",https://supabase.com/docs/guides/database/database-linter?lint=0006_multiple_permissive_policies,"{""name"":""down_payment_requests"",""type"":""table"",""schema"":""public""}",multiple_permissive_policies_public_down_payment_requests_authenticated_UPDATE
multiple_permissive_policies,Multiple Permissive Policies,WARN,EXTERNAL,"[""PERFORMANCE""]",Detects if multiple permissive row level security policies are present on a table for the same \`role\` and \`action\` (e.g. insert). Multiple permissive policies are suboptimal for performance as each policy must be executed for every relevant query.,"Table \`public.feedback\` has multiple permissive policies for role \`authenticated\` for action \`SELECT\`. Policies include \`{feedback_select_admin,feedback_select_own}\`",https://supabase.com/docs/guides/database/database-linter?lint=0006_multiple_permissive_policies,"{""name"":""feedback"",""type"":""table"",""schema"":""public""}",multiple_permissive_policies_public_feedback_authenticated_SELECT
multiple_permissive_policies,Multiple Permissive Policies,WARN,EXTERNAL,"[""PERFORMANCE""]",Detects if multiple permissive row level security policies are present on a table for the same \`role\` and \`action\` (e.g. insert). Multiple permissive policies are suboptimal for performance as each policy must be executed for every relevant query.,"Table \`public.hub_states\` has multiple permissive policies for role \`authenticated\` for action \`DELETE\`. Policies include \`{""Admins can manage hub_states"",hub_states_delete}\`",https://supabase.com/docs/guides/database/database-linter?lint=0006_multiple_permissive_policies,"{""name"":""hub_states"",""type"":""table"",""schema"":""public""}",multiple_permissive_policies_public_hub_states_authenticated_DELETE
multiple_permissive_policies,Multiple Permissive Policies,WARN,EXTERNAL,"[""PERFORMANCE""]",Detects if multiple permissive row level security policies are present on a table for the same \`role\` and \`action\` (e.g. insert). Multiple permissive policies are suboptimal for performance as each policy must be executed for every relevant query.,"Table \`public.hub_states\` has multiple permissive policies for role \`authenticated\` for action \`INSERT\`. Policies include \`{""Admins can manage hub_states"",hub_states_insert}\`",https://supabase.com/docs/guides/database/database-linter?lint=0006_multiple_permissive_policies,"{""name"":""hub_states"",""type"":""table"",""schema"":""public""}",multiple_permissive_policies_public_hub_states_authenticated_INSERT
multiple_permissive_policies,Multiple Permissive Policies,WARN,EXTERNAL,"[""PERFORMANCE""]",Detects if multiple permissive row level security policies are present on a table for the same \`role\` and \`action\` (e.g. insert). Multiple permissive policies are suboptimal for performance as each policy must be executed for every relevant query.,"Table \`public.hub_states\` has multiple permissive policies for role \`authenticated\` for action \`SELECT\`. Policies include \`{""Admins can manage hub_states"",""Anyone can read hub_states"",hub_states_select}\`",https://supabase.com/docs/guides/database/database-linter?lint=0006_multiple_permissive_policies,"{""name"":""hub_states"",""type"":""table"",""schema"":""public""}",multiple_permissive_policies_public_hub_states_authenticated_SELECT
multiple_permissive_policies,Multiple Permissive Policies,WARN,EXTERNAL,"[""PERFORMANCE""]",Detects if multiple permissive row level security policies are present on a table for the same \`role\` and \`action\` (e.g. insert). Multiple permissive policies are suboptimal for performance as each policy must be executed for every relevant query.,"Table \`public.hub_states\` has multiple permissive policies for role \`authenticated\` for action \`UPDATE\`. Policies include \`{""Admins can manage hub_states"",hub_states_update}\`",https://supabase.com/docs/guides/database/database-linter?lint=0006_multiple_permissive_policies,"{""name"":""hub_states"",""type"":""table"",""schema"":""public""}",multiple_permissive_policies_public_hub_states_authenticated_UPDATE
multiple_permissive_policies,Multiple Permissive Policies,WARN,EXTERNAL,"[""PERFORMANCE""]",Detects if multiple permissive row level security policies are present on a table for the same \`role\` and \`action\` (e.g. insert). Multiple permissive policies are suboptimal for performance as each policy must be executed for every relevant query.,"Table \`public.hubs\` has multiple permissive policies for role \`authenticated\` for action \`DELETE\`. Policies include \`{""Admins can manage hubs"",hubs_delete}\`",https://supabase.com/docs/guides/database/database-linter?lint=0006_multiple_permissive_policies,"{""name"":""hubs"",""type"":""table"",""schema"":""public""}",multiple_permissive_policies_public_hubs_authenticated_DELETE
multiple_permissive_policies,Multiple Permissive Policies,WARN,EXTERNAL,"[""PERFORMANCE""]",Detects if multiple permissive row level security policies are present on a table for the same \`role\` and \`action\` (e.g. insert). Multiple permissive policies are suboptimal for performance as each policy must be executed for every relevant query.,"Table \`public.hubs\` has multiple permissive policies for role \`authenticated\` for action \`INSERT\`. Policies include \`{""Admins can manage hubs"",hubs_insert}\`",https://supabase.com/docs/guides/database/database-linter?lint=0006_multiple_permissive_policies,"{""name"":""hubs"",""type"":""table"",""schema"":""public""}",multiple_permissive_policies_public_hubs_authenticated_INSERT
multiple_permissive_policies,Multiple Permissive Policies,WARN,EXTERNAL,"[""PERFORMANCE""]",Detects if multiple permissive row level security policies are present on a table for the same \`role\` and \`action\` (e.g. insert). Multiple permissive policies are suboptimal for performance as each policy must be executed for every relevant query.,"Table \`public.hubs\` has multiple permissive policies for role \`authenticated\` for action \`SELECT\`. Policies include \`{""Admins can manage hubs"",""Anyone can read hubs"",hubs_select}\`",https://supabase.com/docs/guides/database/database-linter?lint=0006_multiple_permissive_policies,"{""name"":""hubs"",""type"":""table"",""schema"":""public""}",multiple_permissive_policies_public_hubs_authenticated_SELECT
multiple_permissive_policies,Multiple Permissive Policies,WARN,EXTERNAL,"[""PERFORMANCE""]",Detects if multiple permissive row level security policies are present on a table for the same \`role\` and \`action\` (e.g. insert). Multiple permissive policies are suboptimal for performance as each policy must be executed for every relevant query.,"Table \`public.hubs\` has multiple permissive policies for role \`authenticated\` for action \`UPDATE\`. Policies include \`{""Admins can manage hubs"",hubs_update}\`",https://supabase.com/docs/guides/database/database-linter?lint=0006_multiple_permissive_policies,"{""name"":""hubs"",""type"":""table"",""schema"":""public""}",multiple_permissive_policies_public_hubs_authenticated_UPDATE
multiple_permissive_policies,Multiple Permissive Policies,WARN,EXTERNAL,"[""PERFORMANCE""]",Detects if multiple permissive row level security policies are present on a table for the same \`role\` and \`action\` (e.g. insert). Multiple permissive policies are suboptimal for performance as each policy must be executed for every relevant query.,"Table \`public.mmp_files\` has multiple permissive policies for role \`authenticated\` for action \`SELECT\`. Policies include \`{""Allow read for all"",mf_select_authenticated,mmp_files_all_auth}\`",https://supabase.com/docs/guides/database/database-linter?lint=0006_multiple_permissive_policies,"{""name"":""mmp_files"",""type"":""table"",""schema"":""public""}",multiple_permissive_policies_public_mmp_files_authenticated_SELECT
multiple_permissive_policies,Multiple Permissive Policies,WARN,EXTERNAL,"[""PERFORMANCE""]",Detects if multiple permissive row level security policies are present on a table for the same \`role\` and \`action\` (e.g. insert). Multiple permissive policies are suboptimal for performance as each policy must be executed for every relevant query.,"Table \`public.mmp_files\` has multiple permissive policies for role \`authenticated\` for action \`UPDATE\`. Policies include \`{mf_update_editors,mmp_files_all_auth}\`",https://supabase.com/docs/guides/database/database-linter?lint=0006_multiple_permissive_policies,"{""name"":""mmp_files"",""type"":""table"",""schema"":""public""}",multiple_permissive_policies_public_mmp_files_authenticated_UPDATE
multiple_permissive_policies,Multiple Permissive Policies,WARN,EXTERNAL,"[""PERFORMANCE""]",Detects if multiple permissive row level security policies are present on a table for the same \`role\` and \`action\` (e.g. insert). Multiple permissive policies are suboptimal for performance as each policy must be executed for every relevant query.,"Table \`public.mmp_site_entries\` has multiple permissive policies for role \`authenticated\` for action \`DELETE\`. Policies include \`{""Allow delete mmp_site_entries for authenticated"",mse_delete_editors}\`",https://supabase.com/docs/guides/database/database-linter?lint=0006_multiple_permissive_policies,"{""name"":""mmp_site_entries"",""type"":""table"",""schema"":""public""}",multiple_permissive_policies_public_mmp_site_entries_authenticated_DELETE
multiple_permissive_policies,Multiple Permissive Policies,WARN,EXTERNAL,"[""PERFORMANCE""]",Detects if multiple permissive row level security policies are present on a table for the same \`role\` and \`action\` (e.g. insert). Multiple permissive policies are suboptimal for performance as each policy must be executed for every relevant query.,"Table \`public.mmp_site_entries\` has multiple permissive policies for role \`authenticated\` for action \`INSERT\`. Policies include \`{""Allow insert mmp_site_entries for authenticated"",mmp_site_entries_insert,mse_insert_editors}\`",https://supabase.com/docs/guides/database/database-linter?lint=0006_multiple_permissive_policies,"{""name"":""mmp_site_entries"",""type"":""table"",""schema"":""public""}",multiple_permissive_policies_public_mmp_site_entries_authenticated_INSERT
multiple_permissive_policies,Multiple Permissive Policies,WARN,EXTERNAL,"[""PERFORMANCE""]",Detects if multiple permissive row level security policies are present on a table for the same \`role\` and \`action\` (e.g. insert). Multiple permissive policies are suboptimal for performance as each policy must be executed for every relevant query.,"Table \`public.mmp_site_entries\` has multiple permissive policies for role \`authenticated\` for action \`SELECT\`. Policies include \`{""Allow select mmp_site_entries for authenticated"",mmp_site_entries_select,mmp_site_entries_select_authenticated,mse_select_authenticated}\`",https://supabase.com/docs/guides/database/database-linter?lint=0006_multiple_permissive_policies,"{""name"":""mmp_site_entries"",""type"":""table"",""schema"":""public""}",multiple_permissive_policies_public_mmp_site_entries_authenticated_SELECT
multiple_permissive_policies,Multiple Permissive Policies,WARN,EXTERNAL,"[""PERFORMANCE""]",Detects if multiple permissive row level security policies are present on a table for the same \`role\` and \`action\` (e.g. insert). Multiple permissive policies are suboptimal for performance as each policy must be executed for every relevant query.,"Table \`public.mmp_site_entries\` has multiple permissive policies for role \`authenticated\` for action \`UPDATE\`. Policies include \`{""Allow update mmp_site_entries for authenticated"",mmp_site_entries_update_authenticated,mse_update_editors}\`",https://supabase.com/docs/guides/database/database-linter?lint=0006_multiple_permissive_policies,"{""name"":""mmp_site_entries"",""type"":""table"",""schema"":""public""}",multiple_permissive_policies_public_mmp_site_entries_authenticated_UPDATE
multiple_permissive_policies,Multiple Permissive Policies,WARN,EXTERNAL,"[""PERFORMANCE""]",Detects if multiple permissive row level security policies are present on a table for the same \`role\` and \`action\` (e.g. insert). Multiple permissive policies are suboptimal for performance as each policy must be executed for every relevant query.,"Table \`public.notifications\` has multiple permissive policies for role \`authenticated\` for action \`DELETE\`. Policies include \`{""Users can delete own notifications"",""Users delete own notifications""}\`",https://supabase.com/docs/guides/database/database-linter?lint=0006_multiple_permissive_policies,"{""name"":""notifications"",""type"":""table"",""schema"":""public""}",multiple_permissive_policies_public_notifications_authenticated_DELETE
multiple_permissive_policies,Multiple Permissive Policies,WARN,EXTERNAL,"[""PERFORMANCE""]",Detects if multiple permissive row level security policies are present on a table for the same \`role\` and \`action\` (e.g. insert). Multiple permissive policies are suboptimal for performance as each policy must be executed for every relevant query.,"Table \`public.notifications\` has multiple permissive policies for role \`authenticated\` for action \`INSERT\`. Policies include \`{""Service can insert notifications"",""Service role inserts""}\`",https://supabase.com/docs/guides/database/database-linter?lint=0006_multiple_permissive_policies,"{""name"":""notifications"",""type"":""table"",""schema"":""public""}",multiple_permissive_policies_public_notifications_authenticated_INSERT
multiple_permissive_policies,Multiple Permissive Policies,WARN,EXTERNAL,"[""PERFORMANCE""]",Detects if multiple permissive row level security policies are present on a table for the same \`role\` and \`action\` (e.g. insert). Multiple permissive policies are suboptimal for performance as each policy must be executed for every relevant query.,"Table \`public.notifications\` has multiple permissive policies for role \`authenticated\` for action \`SELECT\`. Policies include \`{""Allow recipients to read their notifications"",""Users can read own notifications"",""Users view own notifications""}\`",https://supabase.com/docs/guides/database/database-linter?lint=0006_multiple_permissive_policies,"{""name"":""notifications"",""type"":""table"",""schema"":""public""}",multiple_permissive_policies_public_notifications_authenticated_SELECT
multiple_permissive_policies,Multiple Permissive Policies,WARN,EXTERNAL,"[""PERFORMANCE""]",Detects if multiple permissive row level security policies are present on a table for the same \`role\` and \`action\` (e.g. insert). Multiple permissive policies are suboptimal for performance as each policy must be executed for every relevant query.,"Table \`public.notifications\` has multiple permissive policies for role \`authenticated\` for action \`UPDATE\`. Policies include \`{""Users can update own notifications"",""Users update own notifications""}\`",https://supabase.com/docs/guides/database/database-linter?lint=0006_multiple_permissive_policies,"{""name"":""notifications"",""type"":""table"",""schema"":""public""}",multiple_permissive_policies_public_notifications_authenticated_UPDATE
multiple_permissive_policies,Multiple Permissive Policies,WARN,EXTERNAL,"[""PERFORMANCE""]",Detects if multiple permissive row level security policies are present on a table for the same \`role\` and \`action\` (e.g. insert). Multiple permissive policies are suboptimal for performance as each policy must be executed for every relevant query.,"Table \`public.payout_requests\` has multiple permissive policies for role \`authenticated\` for action \`INSERT\`. Policies include \`{""Users can create their own payout requests"",payout_insert_self}\`",https://supabase.com/docs/guides/database/database-linter?lint=0006_multiple_permissive_policies,"{""name"":""payout_requests"",""type"":""table"",""schema"":""public""}",multiple_permissive_policies_public_payout_requests_authenticated_INSERT
multiple_permissive_policies,Multiple Permissive Policies,WARN,EXTERNAL,"[""PERFORMANCE""]",Detects if multiple permissive row level security policies are present on a table for the same \`role\` and \`action\` (e.g. insert). Multiple permissive policies are suboptimal for performance as each policy must be executed for every relevant query.,"Table \`public.payout_requests\` has multiple permissive policies for role \`authenticated\` for action \`SELECT\`. Policies include \`{""Users can view their own payout requests"",payout_select}\`",https://supabase.com/docs/guides/database/database-linter?lint=0006_multiple_permissive_policies,"{""name"":""payout_requests"",""type"":""table"",""schema"":""public""}",multiple_permissive_policies_public_payout_requests_authenticated_SELECT
multiple_permissive_policies,Multiple Permissive Policies,WARN,EXTERNAL,"[""PERFORMANCE""]",Detects if multiple permissive row level security policies are present on a table for the same \`role\` and \`action\` (e.g. insert). Multiple permissive policies are suboptimal for performance as each policy must be executed for every relevant query.,"Table \`public.payout_requests\` has multiple permissive policies for role \`authenticated\` for action \`UPDATE\`. Policies include \`{""Users can update their own pending payout requests"",payout_update_admin,payout_update_self_cancel}\`",https://supabase.com/docs/guides/database/database-linter?lint=0006_multiple_permissive_policies,"{""name"":""payout_requests"",""type"":""table"",""schema"":""public""}",multiple_permissive_policies_public_payout_requests_authenticated_UPDATE
multiple_permissive_policies,Multiple Permissive Policies,WARN,EXTERNAL,"[""PERFORMANCE""]",Detects if multiple permissive row level security policies are present on a table for the same \`role\` and \`action\` (e.g. insert). Multiple permissive policies are suboptimal for performance as each policy must be executed for every relevant query.,"Table \`public.permissions\` has multiple permissive policies for role \`authenticated\` for action \`SELECT\`. Policies include \`{permissions_modify_admin_only,permissions_select_all_auth}\`",https://supabase.com/docs/guides/database/database-linter?lint=0006_multiple_permissive_policies,"{""name"":""permissions"",""type"":""table"",""schema"":""public""}",multiple_permissive_policies_public_permissions_authenticated_SELECT
multiple_permissive_policies,Multiple Permissive Policies,WARN,EXTERNAL,"[""PERFORMANCE""]",Detects if multiple permissive row level security policies are present on a table for the same \`role\` and \`action\` (e.g. insert). Multiple permissive policies are suboptimal for performance as each policy must be executed for every relevant query.,"Table \`public.profiles\` has multiple permissive policies for role \`authenticated\` for action \`UPDATE\`. Policies include \`{profiles_admin_update,profiles_update_admin,profiles_update_admin_ict,profiles_update_own}\`",https://supabase.com/docs/guides/database/database-linter?lint=0006_multiple_permissive_policies,"{""name"":""profiles"",""type"":""table"",""schema"":""public""}",multiple_permissive_policies_public_profiles_authenticated_UPDATE
multiple_permissive_policies,Multiple Permissive Policies,WARN,EXTERNAL,"[""PERFORMANCE""]",Detects if multiple permissive row level security policies are present on a table for the same \`role\` and \`action\` (e.g. insert). Multiple permissive policies are suboptimal for performance as each policy must be executed for every relevant query.,"Table \`public.roles\` has multiple permissive policies for role \`authenticated\` for action \`SELECT\`. Policies include \`{roles_modify_admin_only,roles_select_all_auth}\`",https://supabase.com/docs/guides/database/database-linter?lint=0006_multiple_permissive_policies,"{""name"":""roles"",""type"":""table"",""schema"":""public""}",multiple_permissive_policies_public_roles_authenticated_SELECT
multiple_permissive_policies,Multiple Permissive Policies,WARN,EXTERNAL,"[""PERFORMANCE""]",Detects if multiple permissive row level security policies are present on a table for the same \`role\` and \`action\` (e.g. insert). Multiple permissive policies are suboptimal for performance as each policy must be executed for every relevant query.,"Table \`public.site_locations\` has multiple permissive policies for role \`authenticated\` for action \`UPDATE\`. Policies include \`{""Allow update site_locations for authenticated"",site_locations_update}\`",https://supabase.com/docs/guides/database/database-linter?lint=0006_multiple_permissive_policies,"{""name"":""site_locations"",""type"":""table"",""schema"":""public""}",multiple_permissive_policies_public_site_locations_authenticated_UPDATE
multiple_permissive_policies,Multiple Permissive Policies,WARN,EXTERNAL,"[""PERFORMANCE""]",Detects if multiple permissive row level security policies are present on a table for the same \`role\` and \`action\` (e.g. insert). Multiple permissive policies are suboptimal for performance as each policy must be executed for every relevant query.,"Table \`public.site_visit_cost_submissions\` has multiple permissive policies for role \`authenticated\` for action \`UPDATE\`. Policies include \`{""Admins can update submissions"",""Users can update own pending submissions""}\`",https://supabase.com/docs/guides/database/database-linter?lint=0006_multiple_permissive_policies,"{""name"":""site_visit_cost_submissions"",""type"":""table"",""schema"":""public""}",multiple_permissive_policies_public_site_visit_cost_submissions_authenticated_UPDATE
multiple_permissive_policies,Multiple Permissive Policies,WARN,EXTERNAL,"[""PERFORMANCE""]",Detects if multiple permissive row level security policies are present on a table for the same \`role\` and \`action\` (e.g. insert). Multiple permissive policies are suboptimal for performance as each policy must be executed for every relevant query.,"Table \`public.site_visit_costs\` has multiple permissive policies for role \`authenticated\` for action \`DELETE\`. Policies include \`{""Admins and supervisors can manage site visit costs"",""Supervisors can manage site visit costs""}\`",https://supabase.com/docs/guides/database/database-linter?lint=0006_multiple_permissive_policies,"{""name"":""site_visit_costs"",""type"":""table"",""schema"":""public""}",multiple_permissive_policies_public_site_visit_costs_authenticated_DELETE
multiple_permissive_policies,Multiple Permissive Policies,WARN,EXTERNAL,"[""PERFORMANCE""]",Detects if multiple permissive row level security policies are present on a table for the same \`role\` and \`action\` (e.g. insert). Multiple permissive policies are suboptimal for performance as each policy must be executed for every relevant query.,"Table \`public.site_visit_costs\` has multiple permissive policies for role \`authenticated\` for action \`INSERT\`. Policies include \`{""Admins and supervisors can manage site visit costs"",""Supervisors can manage site visit costs""}\`",https://supabase.com/docs/guides/database/database-linter?lint=0006_multiple_permissive_policies,"{""name"":""site_visit_costs"",""type"":""table"",""schema"":""public""}",multiple_permissive_policies_public_site_visit_costs_authenticated_INSERT
multiple_permissive_policies,Multiple Permissive Policies,WARN,EXTERNAL,"[""PERFORMANCE""]",Detects if multiple permissive row level security policies are present on a table for the same \`role\` and \`action\` (e.g. insert). Multiple permissive policies are suboptimal for performance as each policy must be executed for every relevant query.,"Table \`public.site_visit_costs\` has multiple permissive policies for role \`authenticated\` for action \`SELECT\`. Policies include \`{""Admins and supervisors can manage site visit costs"",""Supervisors can manage site visit costs"",""Users can view site visit costs"",""Users can view site visit costs for their assigned visits""}\`",https://supabase.com/docs/guides/database/database-linter?lint=0006_multiple_permissive_policies,"{""name"":""site_visit_costs"",""type"":""table"",""schema"":""public""}",multiple_permissive_policies_public_site_visit_costs_authenticated_SELECT
multiple_permissive_policies,Multiple Permissive Policies,WARN,EXTERNAL,"[""PERFORMANCE""]",Detects if multiple permissive row level security policies are present on a table for the same \`role\` and \`action\` (e.g. insert). Multiple permissive policies are suboptimal for performance as each policy must be executed for every relevant query.,"Table \`public.site_visit_costs\` has multiple permissive policies for role \`authenticated\` for action \`UPDATE\`. Policies include \`{""Admins and supervisors can manage site visit costs"",""Supervisors can manage site visit costs""}\`",https://supabase.com/docs/guides/database/database-linter?lint=0006_multiple_permissive_policies,"{""name"":""site_visit_costs"",""type"":""table"",""schema"":""public""}",multiple_permissive_policies_public_site_visit_costs_authenticated_UPDATE
multiple_permissive_policies,Multiple Permissive Policies,WARN,EXTERNAL,"[""PERFORMANCE""]",Detects if multiple permissive row level security policies are present on a table for the same \`role\` and \`action\` (e.g. insert). Multiple permissive policies are suboptimal for performance as each policy must be executed for every relevant query.,"Table \`public.sites_registry\` has multiple permissive policies for role \`authenticated\` for action \`DELETE\`. Policies include \`{""Admins can manage sites_registry"",sites_delete}\`",https://supabase.com/docs/guides/database/database-linter?lint=0006_multiple_permissive_policies,"{""name"":""sites_registry"",""type"":""table"",""schema"":""public""}",multiple_permissive_policies_public_sites_registry_authenticated_DELETE
multiple_permissive_policies,Multiple Permissive Policies,WARN,EXTERNAL,"[""PERFORMANCE""]",Detects if multiple permissive row level security policies are present on a table for the same \`role\` and \`action\` (e.g. insert). Multiple permissive policies are suboptimal for performance as each policy must be executed for every relevant query.,"Table \`public.sites_registry\` has multiple permissive policies for role \`authenticated\` for action \`INSERT\`. Policies include \`{""Admins can manage sites_registry"",sites_insert}\`",https://supabase.com/docs/guides/database/database-linter?lint=0006_multiple_permissive_policies,"{""name"":""sites_registry"",""type"":""table"",""schema"":""public""}",multiple_permissive_policies_public_sites_registry_authenticated_INSERT
multiple_permissive_policies,Multiple Permissive Policies,WARN,EXTERNAL,"[""PERFORMANCE""]",Detects if multiple permissive row level security policies are present on a table for the same \`role\` and \`action\` (e.g. insert). Multiple permissive policies are suboptimal for performance as each policy must be executed for every relevant query.,"Table \`public.sites_registry\` has multiple permissive policies for role \`authenticated\` for action \`SELECT\`. Policies include \`{""Admins can manage sites_registry"",""Anyone can read sites_registry"",sites_select}\`",https://supabase.com/docs/guides/database/database-linter?lint=0006_multiple_permissive_policies,"{""name"":""sites_registry"",""type"":""table"",""schema"":""public""}",multiple_permissive_policies_public_sites_registry_authenticated_SELECT
multiple_permissive_policies,Multiple Permissive Policies,WARN,EXTERNAL,"[""PERFORMANCE""]",Detects if multiple permissive row level security policies are present on a table for the same \`role\` and \`action\` (e.g. insert). Multiple permissive policies are suboptimal for performance as each policy must be executed for every relevant query.,"Table \`public.sites_registry\` has multiple permissive policies for role \`authenticated\` for action \`UPDATE\`. Policies include \`{""Admins can manage sites_registry"",sites_update}\`",https://supabase.com/docs/guides/database/database-linter?lint=0006_multiple_permissive_policies,"{""name"":""sites_registry"",""type"":""table"",""schema"":""public""}",multiple_permissive_policies_public_sites_registry_authenticated_UPDATE
multiple_permissive_policies,Multiple Permissive Policies,WARN,EXTERNAL,"[""PERFORMANCE""]",Detects if multiple permissive row level security policies are present on a table for the same \`role\` and \`action\` (e.g. insert). Multiple permissive policies are suboptimal for performance as each policy must be executed for every relevant query.,"Table \`public.super_admins\` has multiple permissive policies for role \`authenticated\` for action \`DELETE\`. Policies include \`{""Allow super admin write"",super_admins_manage}\`",https://supabase.com/docs/guides/database/database-linter?lint=0006_multiple_permissive_policies,"{""name"":""super_admins"",""type"":""table"",""schema"":""public""}",multiple_permissive_policies_public_super_admins_authenticated_DELETE
multiple_permissive_policies,Multiple Permissive Policies,WARN,EXTERNAL,"[""PERFORMANCE""]",Detects if multiple permissive row level security policies are present on a table for the same \`role\` and \`action\` (e.g. insert). Multiple permissive policies are suboptimal for performance as each policy must be executed for every relevant query.,"Table \`public.super_admins\` has multiple permissive policies for role \`authenticated\` for action \`INSERT\`. Policies include \`{""Allow super admin write"",super_admins_manage}\`",https://supabase.com/docs/guides/database/database-linter?lint=0006_multiple_permissive_policies,"{""name"":""super_admins"",""type"":""table"",""schema"":""public""}",multiple_permissive_policies_public_super_admins_authenticated_INSERT
multiple_permissive_policies,Multiple Permissive Policies,WARN,EXTERNAL,"[""PERFORMANCE""]",Detects if multiple permissive row level security policies are present on a table for the same \`role\` and \`action\` (e.g. insert). Multiple permissive policies are suboptimal for performance as each policy must be executed for every relevant query.,"Table \`public.super_admins\` has multiple permissive policies for role \`authenticated\` for action \`SELECT\`. Policies include \`{""Allow super admin read"",""Allow super admin write"",""Super admins can view all super_admins"",super_admins_manage,super_admins_select_all,super_admins_select_self,super_admins_view_admin,super_admins_view_own}\`",https://supabase.com/docs/guides/database/database-linter?lint=0006_multiple_permissive_policies,"{""name"":""super_admins"",""type"":""table"",""schema"":""public""}",multiple_permissive_policies_public_super_admins_authenticated_SELECT
multiple_permissive_policies,Multiple Permissive Policies,WARN,EXTERNAL,"[""PERFORMANCE""]",Detects if multiple permissive row level security policies are present on a table for the same \`role\` and \`action\` (e.g. insert). Multiple permissive policies are suboptimal for performance as each policy must be executed for every relevant query.,"Table \`public.super_admins\` has multiple permissive policies for role \`authenticated\` for action \`UPDATE\`. Policies include \`{""Allow super admin write"",super_admins_manage}\`",https://supabase.com/docs/guides/database/database-linter?lint=0006_multiple_permissive_policies,"{""name"":""super_admins"",""type"":""table"",""schema"":""public""}",multiple_permissive_policies_public_super_admins_authenticated_UPDATE
multiple_permissive_policies,Multiple Permissive Policies,WARN,EXTERNAL,"[""PERFORMANCE""]",Detects if multiple permissive row level security policies are present on a table for the same \`role\` and \`action\` (e.g. insert). Multiple permissive policies are suboptimal for performance as each policy must be executed for every relevant query.,"Table \`public.user_classifications\` has multiple permissive policies for role \`authenticated\` for action \`SELECT\`. Policies include \`{""Admin manage user_classifications"",""Public read user_classifications""}\`",https://supabase.com/docs/guides/database/database-linter?lint=0006_multiple_permissive_policies,"{""name"":""user_classifications"",""type"":""table"",""schema"":""public""}",multiple_permissive_policies_public_user_classifications_authenticated_SELECT
multiple_permissive_policies,Multiple Permissive Policies,WARN,EXTERNAL,"[""PERFORMANCE""]",Detects if multiple permissive row level security policies are present on a table for the same \`role\` and \`action\` (e.g. insert). Multiple permissive policies are suboptimal for performance as each policy must be executed for every relevant query.,"Table \`public.user_roles\` has multiple permissive policies for role \`authenticated\` for action \`DELETE\`. Policies include \`{""Admins can manage user roles"",user_roles_modify_admin_ict}\`",https://supabase.com/docs/guides/database/database-linter?lint=0006_multiple_permissive_policies,"{""name"":""user_roles"",""type"":""table"",""schema"":""public""}",multiple_permissive_policies_public_user_roles_authenticated_DELETE
multiple_permissive_policies,Multiple Permissive Policies,WARN,EXTERNAL,"[""PERFORMANCE""]",Detects if multiple permissive row level security policies are present on a table for the same \`role\` and \`action\` (e.g. insert). Multiple permissive policies are suboptimal for performance as each policy must be executed for every relevant query.,"Table \`public.user_roles\` has multiple permissive policies for role \`authenticated\` for action \`INSERT\`. Policies include \`{""Admins can manage user roles"",user_roles_modify_admin_ict}\`",https://supabase.com/docs/guides/database/database-linter?lint=0006_multiple_permissive_policies,"{""name"":""user_roles"",""type"":""table"",""schema"":""public""}",multiple_permissive_policies_public_user_roles_authenticated_INSERT
multiple_permissive_policies,Multiple Permissive Policies,WARN,EXTERNAL,"[""PERFORMANCE""]",Detects if multiple permissive row level security policies are present on a table for the same \`role\` and \`action\` (e.g. insert). Multiple permissive policies are suboptimal for performance as each policy must be executed for every relevant query.,"Table \`public.user_roles\` has multiple permissive policies for role \`authenticated\` for action \`SELECT\`. Policies include \`{""Admins can manage user roles"",""Users can view their own roles"",user_roles_modify_admin_ict,user_roles_select_any_authenticated,user_roles_select_self_or_admin}\`",https://supabase.com/docs/guides/database/database-linter?lint=0006_multiple_permissive_policies,"{""name"":""user_roles"",""type"":""table"",""schema"":""public""}",multiple_permissive_policies_public_user_roles_authenticated_SELECT
multiple_permissive_policies,Multiple Permissive Policies,WARN,EXTERNAL,"[""PERFORMANCE""]",Detects if multiple permissive row level security policies are present on a table for the same \`role\` and \`action\` (e.g. insert). Multiple permissive policies are suboptimal for performance as each policy must be executed for every relevant query.,"Table \`public.user_roles\` has multiple permissive policies for role \`authenticated\` for action \`UPDATE\`. Policies include \`{""Admins can manage user roles"",user_roles_modify_admin_ict}\`",https://supabase.com/docs/guides/database/database-linter?lint=0006_multiple_permissive_policies,"{""name"":""user_roles"",""type"":""table"",""schema"":""public""}",multiple_permissive_policies_public_user_roles_authenticated_UPDATE
multiple_permissive_policies,Multiple Permissive Policies,WARN,EXTERNAL,"[""PERFORMANCE""]",Detects if multiple permissive row level security policies are present on a table for the same \`role\` and \`action\` (e.g. insert). Multiple permissive policies are suboptimal for performance as each policy must be executed for every relevant query.,"Table \`public.user_settings\` has multiple permissive policies for role \`authenticated\` for action \`DELETE\`. Policies include \`{user_settings_delete_own,user_settings_modify_own}\`",https://supabase.com/docs/guides/database/database-linter?lint=0006_multiple_permissive_policies,"{""name"":""user_settings"",""type"":""table"",""schema"":""public""}",multiple_permissive_policies_public_user_settings_authenticated_DELETE
multiple_permissive_policies,Multiple Permissive Policies,WARN,EXTERNAL,"[""PERFORMANCE""]",Detects if multiple permissive row level security policies are present on a table for the same \`role\` and \`action\` (e.g. insert). Multiple permissive policies are suboptimal for performance as each policy must be executed for every relevant query.,"Table \`public.user_settings\` has multiple permissive policies for role \`authenticated\` for action \`INSERT\`. Policies include \`{user_settings_insert_own,user_settings_modify_own}\`",https://supabase.com/docs/guides/database/database-linter?lint=0006_multiple_permissive_policies,"{""name"":""user_settings"",""type"":""table"",""schema"":""public""}",multiple_permissive_policies_public_user_settings_authenticated_INSERT
multiple_permissive_policies,Multiple Permissive Policies,WARN,EXTERNAL,"[""PERFORMANCE""]",Detects if multiple permissive row level security policies are present on a table for the same \`role\` and \`action\` (e.g. insert). Multiple permissive policies are suboptimal for performance as each policy must be executed for every relevant query.,"Table \`public.user_settings\` has multiple permissive policies for role \`authenticated\` for action \`SELECT\`. Policies include \`{user_settings_modify_own,user_settings_select_own}\`",https://supabase.com/docs/guides/database/database-linter?lint=0006_multiple_permissive_policies,"{""name"":""user_settings"",""type"":""table"",""schema"":""public""}",multiple_permissive_policies_public_user_settings_authenticated_SELECT
multiple_permissive_policies,Multiple Permissive Policies,WARN,EXTERNAL,"[""PERFORMANCE""]",Detects if multiple permissive row level security policies are present on a table for the same \`role\` and \`action\` (e.g. insert). Multiple permissive policies are suboptimal for performance as each policy must be executed for every relevant query.,"Table \`public.user_settings\` has multiple permissive policies for role \`authenticated\` for action \`UPDATE\`. Policies include \`{user_settings_modify_own,user_settings_update_own}\`",https://supabase.com/docs/guides/database/database-linter?lint=0006_multiple_permissive_policies,"{""name"":""user_settings"",""type"":""table"",""schema"":""public""}",multiple_permissive_policies_public_user_settings_authenticated_UPDATE
multiple_permissive_policies,Multiple Permissive Policies,WARN,EXTERNAL,"[""PERFORMANCE""]",Detects if multiple permissive row level security policies are present on a table for the same \`role\` and \`action\` (e.g. insert). Multiple permissive policies are suboptimal for performance as each policy must be executed for every relevant query.,"Table \`public.wallet_settings\` has multiple permissive policies for role \`authenticated\` for action \`DELETE\`. Policies include \`{""Users can manage their own wallet settings"",wallet_settings_delete_own,wallet_settings_modify_own}\`",https://supabase.com/docs/guides/database/database-linter?lint=0006_multiple_permissive_policies,"{""name"":""wallet_settings"",""type"":""table"",""schema"":""public""}",multiple_permissive_policies_public_wallet_settings_authenticated_DELETE
multiple_permissive_policies,Multiple Permissive Policies,WARN,EXTERNAL,"[""PERFORMANCE""]",Detects if multiple permissive row level security policies are present on a table for the same \`role\` and \`action\` (e.g. insert). Multiple permissive policies are suboptimal for performance as each policy must be executed for every relevant query.,"Table \`public.wallet_settings\` has multiple permissive policies for role \`authenticated\` for action \`INSERT\`. Policies include \`{""Users can manage their own wallet settings"",wallet_settings_insert_own,wallet_settings_modify_own}\`",https://supabase.com/docs/guides/database/database-linter?lint=0006_multiple_permissive_policies,"{""name"":""wallet_settings"",""type"":""table"",""schema"":""public""}",multiple_permissive_policies_public_wallet_settings_authenticated_INSERT
multiple_permissive_policies,Multiple Permissive Policies,WARN,EXTERNAL,"[""PERFORMANCE""]",Detects if multiple permissive row level security policies are present on a table for the same \`role\` and \`action\` (e.g. insert). Multiple permissive policies are suboptimal for performance as each policy must be executed for every relevant query.,"Table \`public.wallet_settings\` has multiple permissive policies for role \`authenticated\` for action \`SELECT\`. Policies include \`{""Users can manage their own wallet settings"",wallet_settings_modify_own,wallet_settings_select_own}\`",https://supabase.com/docs/guides/database/database-linter?lint=0006_multiple_permissive_policies,"{""name"":""wallet_settings"",""type"":""table"",""schema"":""public""}",multiple_permissive_policies_public_wallet_settings_authenticated_SELECT
multiple_permissive_policies,Multiple Permissive Policies,WARN,EXTERNAL,"[""PERFORMANCE""]",Detects if multiple permissive row level security policies are present on a table for the same \`role\` and \`action\` (e.g. insert). Multiple permissive policies are suboptimal for performance as each policy must be executed for every relevant query.,"Table \`public.wallet_settings\` has multiple permissive policies for role \`authenticated\` for action \`UPDATE\`. Policies include \`{""Users can manage their own wallet settings"",wallet_settings_modify_own,wallet_settings_update_own}\`",https://supabase.com/docs/guides/database/database-linter?lint=0006_multiple_permissive_policies,"{""name"":""wallet_settings"",""type"":""table"",""schema"":""public""}",multiple_permissive_policies_public_wallet_settings_authenticated_UPDATE
multiple_permissive_policies,Multiple Permissive Policies,WARN,EXTERNAL,"[""PERFORMANCE""]",Detects if multiple permissive row level security policies are present on a table for the same \`role\` and \`action\` (e.g. insert). Multiple permissive policies are suboptimal for performance as each policy must be executed for every relevant query.,"Table \`public.wallet_transactions\` has multiple permissive policies for role \`authenticated\` for action \`DELETE\`. Policies include \`{""Admins can manage all transactions"",wallet_tx_delete_admin}\`",https://supabase.com/docs/guides/database/database-linter?lint=0006_multiple_permissive_policies,"{""name"":""wallet_transactions"",""type"":""table"",""schema"":""public""}",multiple_permissive_policies_public_wallet_transactions_authenticated_DELETE
multiple_permissive_policies,Multiple Permissive Policies,WARN,EXTERNAL,"[""PERFORMANCE""]",Detects if multiple permissive row level security policies are present on a table for the same \`role\` and \`action\` (e.g. insert). Multiple permissive policies are suboptimal for performance as each policy must be executed for every relevant query.,"Table \`public.wallet_transactions\` has multiple permissive policies for role \`authenticated\` for action \`INSERT\`. Policies include \`{""Admins can manage all transactions"",""System can insert transactions"",wallet_tx_insert_admin,wallet_tx_insert_earning_self_or_admin}\`",https://supabase.com/docs/guides/database/database-linter?lint=0006_multiple_permissive_policies,"{""name"":""wallet_transactions"",""type"":""table"",""schema"":""public""}",multiple_permissive_policies_public_wallet_transactions_authenticated_INSERT
multiple_permissive_policies,Multiple Permissive Policies,WARN,EXTERNAL,"[""PERFORMANCE""]",Detects if multiple permissive row level security policies are present on a table for the same \`role\` and \`action\` (e.g. insert). Multiple permissive policies are suboptimal for performance as each policy must be executed for every relevant query.,"Table \`public.wallet_transactions\` has multiple permissive policies for role \`authenticated\` for action \`SELECT\`. Policies include \`{""Admins can manage all transactions"",""Admins can view all transactions"",""Users can view their own transactions"",wallet_tx_select}\`",https://supabase.com/docs/guides/database/database-linter?lint=0006_multiple_permissive_policies,"{""name"":""wallet_transactions"",""type"":""table"",""schema"":""public""}",multiple_permissive_policies_public_wallet_transactions_authenticated_SELECT
multiple_permissive_policies,Multiple Permissive Policies,WARN,EXTERNAL,"[""PERFORMANCE""]",Detects if multiple permissive row level security policies are present on a table for the same \`role\` and \`action\` (e.g. insert). Multiple permissive policies are suboptimal for performance as each policy must be executed for every relevant query.,"Table \`public.wallet_transactions\` has multiple permissive policies for role \`authenticated\` for action \`UPDATE\`. Policies include \`{""Admins can manage all transactions"",""Admins can update transactions"",wallet_tx_update_admin}\`",https://supabase.com/docs/guides/database/database-linter?lint=0006_multiple_permissive_policies,"{""name"":""wallet_transactions"",""type"":""table"",""schema"":""public""}",multiple_permissive_policies_public_wallet_transactions_authenticated_UPDATE
multiple_permissive_policies,Multiple Permissive Policies,WARN,EXTERNAL,"[""PERFORMANCE""]",Detects if multiple permissive row level security policies are present on a table for the same \`role\` and \`action\` (e.g. insert). Multiple permissive policies are suboptimal for performance as each policy must be executed for every relevant query.,"Table \`public.wallets\` has multiple permissive policies for role \`authenticated\` for action \`INSERT\`. Policies include \`{""Admins can manage all wallets"",""Users can insert their own wallet"",wallets_insert_admin}\`",https://supabase.com/docs/guides/database/database-linter?lint=0006_multiple_permissive_policies,"{""name"":""wallets"",""type"":""table"",""schema"":""public""}",multiple_permissive_policies_public_wallets_authenticated_INSERT
multiple_permissive_policies,Multiple Permissive Policies,WARN,EXTERNAL,"[""PERFORMANCE""]",Detects if multiple permissive row level security policies are present on a table for the same \`role\` and \`action\` (e.g. insert). Multiple permissive policies are suboptimal for performance as each policy must be executed for every relevant query.,"Table \`public.wallets\` has multiple permissive policies for role \`authenticated\` for action \`SELECT\`. Policies include \`{""Admins can manage all wallets"",""Admins can view all wallets"",""Users can view their own wallet"",wallets_select}\`",https://supabase.com/docs/guides/database/database-linter?lint=0006_multiple_permissive_policies,"{""name"":""wallets"",""type"":""table"",""schema"":""public""}",multiple_permissive_policies_public_wallets_authenticated_SELECT
multiple_permissive_policies,Multiple Permissive Policies,WARN,EXTERNAL,"[""PERFORMANCE""]",Detects if multiple permissive row level security policies are present on a table for the same \`role\` and \`action\` (e.g. insert). Multiple permissive policies are suboptimal for performance as each policy must be executed for every relevant query.,"Table \`public.wallets\` has multiple permissive policies for role \`authenticated\` for action \`UPDATE\`. Policies include \`{""Admins can manage all wallets"",""Users can update their own wallet"",wallets_update_admin}\`",https://supabase.com/docs/guides/database/database-linter?lint=0006_multiple_permissive_policies,"{""name"":""wallets"",""type"":""table"",""schema"":""public""}",multiple_permissive_policies_public_wallets_authenticated_UPDATE
multiple_permissive_policies,Multiple Permissive Policies,WARN,EXTERNAL,"[""PERFORMANCE""]",Detects if multiple permissive row level security policies are present on a table for the same \`role\` and \`action\` (e.g. insert). Multiple permissive policies are suboptimal for performance as each policy must be executed for every relevant query.,"Table \`public.withdrawal_requests\` has multiple permissive policies for role \`authenticated\` for action \`SELECT\`. Policies include \`{""Supervisors can view all withdrawal requests"",""Users can view their own withdrawal requests""}\`",https://supabase.com/docs/guides/database/database-linter?lint=0006_multiple_permissive_policies,"{""name"":""withdrawal_requests"",""type"":""table"",""schema"":""public""}",multiple_permissive_policies_public_withdrawal_requests_authenticated_SELECT
multiple_permissive_policies,Multiple Permissive Policies,WARN,EXTERNAL,"[""PERFORMANCE""]",Detects if multiple permissive row level security policies are present on a table for the same \`role\` and \`action\` (e.g. insert). Multiple permissive policies are suboptimal for performance as each policy must be executed for every relevant query.,"Table \`public.withdrawal_requests\` has multiple permissive policies for role \`authenticated\` for action \`UPDATE\`. Policies include \`{""Supervisors can approve/reject withdrawal requests"",""Users can update their own pending withdrawal requests""}\`",https://supabase.com/docs/guides/database/database-linter?lint=0006_multiple_permissive_policies,"{""name"":""withdrawal_requests"",""type"":""table"",""schema"":""public""}",multiple_permissive_policies_public_withdrawal_requests_authenticated_UPDATE
multiple_permissive_policies,Multiple Permissive Policies,WARN,EXTERNAL,"[""PERFORMANCE""]",Detects if multiple permissive row level security policies are present on a table for the same \`role\` and \`action\` (e.g. insert). Multiple permissive policies are suboptimal for performance as each policy must be executed for every relevant query.,"Table \`public.audit_logs\` has multiple permissive policies for role \`authenticator\` for action \`INSERT\`. Policies include \`{""Allow authenticated users to insert audit logs"",""System can insert audit logs""}\`",https://supabase.com/docs/guides/database/database-linter?lint=0006_multiple_permissive_policies,"{""name"":""audit_logs"",""type"":""table"",""schema"":""public""}",multiple_permissive_policies_public_audit_logs_authenticator_INSERT
multiple_permissive_policies,Multiple Permissive Policies,WARN,EXTERNAL,"[""PERFORMANCE""]",Detects if multiple permissive row level security policies are present on a table for the same \`role\` and \`action\` (e.g. insert). Multiple permissive policies are suboptimal for performance as each policy must be executed for every relevant query.,"Table \`public.audit_logs\` has multiple permissive policies for role \`authenticator\` for action \`SELECT\`. Policies include \`{""Admins can read audit logs"",""Allow authenticated users to read audit logs"",""Super admins can read audit logs""}\`",https://supabase.com/docs/guides/database/database-linter?lint=0006_multiple_permissive_policies,"{""name"":""audit_logs"",""type"":""table"",""schema"":""public""}",multiple_permissive_policies_public_audit_logs_authenticator_SELECT
multiple_permissive_policies,Multiple Permissive Policies,WARN,EXTERNAL,"[""PERFORMANCE""]",Detects if multiple permissive row level security policies are present on a table for the same \`role\` and \`action\` (e.g. insert). Multiple permissive policies are suboptimal for performance as each policy must be executed for every relevant query.,"Table \`public.chat_messages\` has multiple permissive policies for role \`authenticator\` for action \`INSERT\`. Policies include \`{""Users can insert messages in their chats"",chat_messages_insert_participant}\`",https://supabase.com/docs/guides/database/database-linter?lint=0006_multiple_permissive_policies,"{""name"":""chat_messages"",""type"":""table"",""schema"":""public""}",multiple_permissive_policies_public_chat_messages_authenticator_INSERT
multiple_permissive_policies,Multiple Permissive Policies,WARN,EXTERNAL,"[""PERFORMANCE""]",Detects if multiple permissive row level security policies are present on a table for the same \`role\` and \`action\` (e.g. insert). Multiple permissive policies are suboptimal for performance as each policy must be executed for every relevant query.,"Table \`public.chat_messages\` has multiple permissive policies for role \`authenticator\` for action \`SELECT\`. Policies include \`{""Users can view messages in their chats"",chat_messages_select_participant}\`",https://supabase.com/docs/guides/database/database-linter?lint=0006_multiple_permissive_policies,"{""name"":""chat_messages"",""type"":""table"",""schema"":""public""}",multiple_permissive_policies_public_chat_messages_authenticator_SELECT
multiple_permissive_policies,Multiple Permissive Policies,WARN,EXTERNAL,"[""PERFORMANCE""]",Detects if multiple permissive row level security policies are present on a table for the same \`role\` and \`action\` (e.g. insert). Multiple permissive policies are suboptimal for performance as each policy must be executed for every relevant query.,"Table \`public.chat_participants\` has multiple permissive policies for role \`authenticator\` for action \`DELETE\`. Policies include \`{""Users can manage their own chat participants"",chat_participants_delete_self_or_owner}\`",https://supabase.com/docs/guides/database/database-linter?lint=0006_multiple_permissive_policies,"{""name"":""chat_participants"",""type"":""table"",""schema"":""public""}",multiple_permissive_policies_public_chat_participants_authenticator_DELETE
multiple_permissive_policies,Multiple Permissive Policies,WARN,EXTERNAL,"[""PERFORMANCE""]",Detects if multiple permissive row level security policies are present on a table for the same \`role\` and \`action\` (e.g. insert). Multiple permissive policies are suboptimal for performance as each policy must be executed for every relevant query.,"Table \`public.chat_participants\` has multiple permissive policies for role \`authenticator\` for action \`INSERT\`. Policies include \`{""Users can manage their own chat participants"",chat_participants_insert_self_or_owner}\`",https://supabase.com/docs/guides/database/database-linter?lint=0006_multiple_permissive_policies,"{""name"":""chat_participants"",""type"":""table"",""schema"":""public""}",multiple_permissive_policies_public_chat_participants_authenticator_INSERT
multiple_permissive_policies,Multiple Permissive Policies,WARN,EXTERNAL,"[""PERFORMANCE""]",Detects if multiple permissive row level security policies are present on a table for the same \`role\` and \`action\` (e.g. insert). Multiple permissive policies are suboptimal for performance as each policy must be executed for every relevant query.,"Table \`public.chat_participants\` has multiple permissive policies for role \`authenticator\` for action \`SELECT\`. Policies include \`{""Users can manage their own chat participants"",chat_participants_select_in_same_chat,chat_participants_select_self}\`",https://supabase.com/docs/guides/database/database-linter?lint=0006_multiple_permissive_policies,"{""name"":""chat_participants"",""type"":""table"",""schema"":""public""}",multiple_permissive_policies_public_chat_participants_authenticator_SELECT
multiple_permissive_policies,Multiple Permissive Policies,WARN,EXTERNAL,"[""PERFORMANCE""]",Detects if multiple permissive row level security policies are present on a table for the same \`role\` and \`action\` (e.g. insert). Multiple permissive policies are suboptimal for performance as each policy must be executed for every relevant query.,"Table \`public.chats\` has multiple permissive policies for role \`authenticator\` for action \`SELECT\`. Policies include \`{chats_select_creator,chats_select_participant}\`",https://supabase.com/docs/guides/database/database-linter?lint=0006_multiple_permissive_policies,"{""name"":""chats"",""type"":""table"",""schema"":""public""}",multiple_permissive_policies_public_chats_authenticator_SELECT
multiple_permissive_policies,Multiple Permissive Policies,WARN,EXTERNAL,"[""PERFORMANCE""]",Detects if multiple permissive row level security policies are present on a table for the same \`role\` and \`action\` (e.g. insert). Multiple permissive policies are suboptimal for performance as each policy must be executed for every relevant query.,"Table \`public.classification_fee_structures\` has multiple permissive policies for role \`authenticator\` for action \`SELECT\`. Policies include \`{""Admin manage classification_fee_structures"",""Public read classification_fee_structures""}\`",https://supabase.com/docs/guides/database/database-linter?lint=0006_multiple_permissive_policies,"{""name"":""classification_fee_structures"",""type"":""table"",""schema"":""public""}",multiple_permissive_policies_public_classification_fee_structures_authenticator_SELECT
multiple_permissive_policies,Multiple Permissive Policies,WARN,EXTERNAL,"[""PERFORMANCE""]",Detects if multiple permissive row level security policies are present on a table for the same \`role\` and \`action\` (e.g. insert). Multiple permissive policies are suboptimal for performance as each policy must be executed for every relevant query.,"Table \`public.dashboard_settings\` has multiple permissive policies for role \`authenticator\` for action \`DELETE\`. Policies include \`{dashboard_settings_delete_own,dashboard_settings_modify_own}\`",https://supabase.com/docs/guides/database/database-linter?lint=0006_multiple_permissive_policies,"{""name"":""dashboard_settings"",""type"":""table"",""schema"":""public""}",multiple_permissive_policies_public_dashboard_settings_authenticator_DELETE
multiple_permissive_policies,Multiple Permissive Policies,WARN,EXTERNAL,"[""PERFORMANCE""]",Detects if multiple permissive row level security policies are present on a table for the same \`role\` and \`action\` (e.g. insert). Multiple permissive policies are suboptimal for performance as each policy must be executed for every relevant query.,"Table \`public.dashboard_settings\` has multiple permissive policies for role \`authenticator\` for action \`INSERT\`. Policies include \`{dashboard_settings_insert_own,dashboard_settings_modify_own}\`",https://supabase.com/docs/guides/database/database-linter?lint=0006_multiple_permissive_policies,"{""name"":""dashboard_settings"",""type"":""table"",""schema"":""public""}",multiple_permissive_policies_public_dashboard_settings_authenticator_INSERT
multiple_permissive_policies,Multiple Permissive Policies,WARN,EXTERNAL,"[""PERFORMANCE""]",Detects if multiple permissive row level security policies are present on a table for the same \`role\` and \`action\` (e.g. insert). Multiple permissive policies are suboptimal for performance as each policy must be executed for every relevant query.,"Table \`public.dashboard_settings\` has multiple permissive policies for role \`authenticator\` for action \`SELECT\`. Policies include \`{dashboard_settings_modify_own,dashboard_settings_select_own}\`",https://supabase.com/docs/guides/database/database-linter?lint=0006_multiple_permissive_policies,"{""name"":""dashboard_settings"",""type"":""table"",""schema"":""public""}",multiple_permissive_policies_public_dashboard_settings_authenticator_SELECT
multiple_permissive_policies,Multiple Permissive Policies,WARN,EXTERNAL,"[""PERFORMANCE""]",Detects if multiple permissive row level security policies are present on a table for the same \`role\` and \`action\` (e.g. insert). Multiple permissive policies are suboptimal for performance as each policy must be executed for every relevant query.,"Table \`public.dashboard_settings\` has multiple permissive policies for role \`authenticator\` for action \`UPDATE\`. Policies include \`{dashboard_settings_modify_own,dashboard_settings_update_own}\`",https://supabase.com/docs/guides/database/database-linter?lint=0006_multiple_permissive_policies,"{""name"":""dashboard_settings"",""type"":""table"",""schema"":""public""}",multiple_permissive_policies_public_dashboard_settings_authenticator_UPDATE
multiple_permissive_policies,Multiple Permissive Policies,WARN,EXTERNAL,"[""PERFORMANCE""]",Detects if multiple permissive row level security policies are present on a table for the same \`role\` and \`action\` (e.g. insert). Multiple permissive policies are suboptimal for performance as each policy must be executed for every relevant query.,"Table \`public.data_visibility_settings\` has multiple permissive policies for role \`authenticator\` for action \`DELETE\`. Policies include \`{data_visibility_settings_delete_own,data_visibility_settings_modify_own}\`",https://supabase.com/docs/guides/database/database-linter?lint=0006_multiple_permissive_policies,"{""name"":""data_visibility_settings"",""type"":""table"",""schema"":""public""}",multiple_permissive_policies_public_data_visibility_settings_authenticator_DELETE
multiple_permissive_policies,Multiple Permissive Policies,WARN,EXTERNAL,"[""PERFORMANCE""]",Detects if multiple permissive row level security policies are present on a table for the same \`role\` and \`action\` (e.g. insert). Multiple permissive policies are suboptimal for performance as each policy must be executed for every relevant query.,"Table \`public.data_visibility_settings\` has multiple permissive policies for role \`authenticator\` for action \`INSERT\`. Policies include \`{data_visibility_settings_insert_own,data_visibility_settings_modify_own}\`",https://supabase.com/docs/guides/database/database-linter?lint=0006_multiple_permissive_policies,"{""name"":""data_visibility_settings"",""type"":""table"",""schema"":""public""}",multiple_permissive_policies_public_data_visibility_settings_authenticator_INSERT
multiple_permissive_policies,Multiple Permissive Policies,WARN,EXTERNAL,"[""PERFORMANCE""]",Detects if multiple permissive row level security policies are present on a table for the same \`role\` and \`action\` (e.g. insert). Multiple permissive policies are suboptimal for performance as each policy must be executed for every relevant query.,"Table \`public.data_visibility_settings\` has multiple permissive policies for role \`authenticator\` for action \`SELECT\`. Policies include \`{data_visibility_settings_modify_own,data_visibility_settings_select_own}\`",https://supabase.com/docs/guides/database/database-linter?lint=0006_multiple_permissive_policies,"{""name"":""data_visibility_settings"",""type"":""table"",""schema"":""public""}",multiple_permissive_policies_public_data_visibility_settings_authenticator_SELECT
multiple_permissive_policies,Multiple Permissive Policies,WARN,EXTERNAL,"[""PERFORMANCE""]",Detects if multiple permissive row level security policies are present on a table for the same \`role\` and \`action\` (e.g. insert). Multiple permissive policies are suboptimal for performance as each policy must be executed for every relevant query.,"Table \`public.data_visibility_settings\` has multiple permissive policies for role \`authenticator\` for action \`UPDATE\`. Policies include \`{data_visibility_settings_modify_own,data_visibility_settings_update_own}\`",https://supabase.com/docs/guides/database/database-linter?lint=0006_multiple_permissive_policies,"{""name"":""data_visibility_settings"",""type"":""table"",""schema"":""public""}",multiple_permissive_policies_public_data_visibility_settings_authenticator_UPDATE
multiple_permissive_policies,Multiple Permissive Policies,WARN,EXTERNAL,"[""PERFORMANCE""]",Detects if multiple permissive row level security policies are present on a table for the same \`role\` and \`action\` (e.g. insert). Multiple permissive policies are suboptimal for performance as each policy must be executed for every relevant query.,"Table \`public.down_payment_requests\` has multiple permissive policies for role \`authenticator\` for action \`INSERT\`. Policies include \`{down_payment_requests_admin_all,down_payment_requests_user_create}\`",https://supabase.com/docs/guides/database/database-linter?lint=0006_multiple_permissive_policies,"{""name"":""down_payment_requests"",""type"":""table"",""schema"":""public""}",multiple_permissive_policies_public_down_payment_requests_authenticator_INSERT
multiple_permissive_policies,Multiple Permissive Policies,WARN,EXTERNAL,"[""PERFORMANCE""]",Detects if multiple permissive row level security policies are present on a table for the same \`role\` and \`action\` (e.g. insert). Multiple permissive policies are suboptimal for performance as each policy must be executed for every relevant query.,"Table \`public.down_payment_requests\` has multiple permissive policies for role \`authenticator\` for action \`SELECT\`. Policies include \`{down_payment_requests_admin_all,down_payment_requests_supervisor_view,down_payment_requests_user_view}\`",https://supabase.com/docs/guides/database/database-linter?lint=0006_multiple_permissive_policies,"{""name"":""down_payment_requests"",""type"":""table"",""schema"":""public""}",multiple_permissive_policies_public_down_payment_requests_authenticator_SELECT
multiple_permissive_policies,Multiple Permissive Policies,WARN,EXTERNAL,"[""PERFORMANCE""]",Detects if multiple permissive row level security policies are present on a table for the same \`role\` and \`action\` (e.g. insert). Multiple permissive policies are suboptimal for performance as each policy must be executed for every relevant query.,"Table \`public.down_payment_requests\` has multiple permissive policies for role \`authenticator\` for action \`UPDATE\`. Policies include \`{down_payment_requests_admin_all,down_payment_requests_supervisor_update}\`",https://supabase.com/docs/guides/database/database-linter?lint=0006_multiple_permissive_policies,"{""name"":""down_payment_requests"",""type"":""table"",""schema"":""public""}",multiple_permissive_policies_public_down_payment_requests_authenticator_UPDATE
multiple_permissive_policies,Multiple Permissive Policies,WARN,EXTERNAL,"[""PERFORMANCE""]",Detects if multiple permissive row level security policies are present on a table for the same \`role\` and \`action\` (e.g. insert). Multiple permissive policies are suboptimal for performance as each policy must be executed for every relevant query.,"Table \`public.feedback\` has multiple permissive policies for role \`authenticator\` for action \`SELECT\`. Policies include \`{feedback_select_admin,feedback_select_own}\`",https://supabase.com/docs/guides/database/database-linter?lint=0006_multiple_permissive_policies,"{""name"":""feedback"",""type"":""table"",""schema"":""public""}",multiple_permissive_policies_public_feedback_authenticator_SELECT
multiple_permissive_policies,Multiple Permissive Policies,WARN,EXTERNAL,"[""PERFORMANCE""]",Detects if multiple permissive row level security policies are present on a table for the same \`role\` and \`action\` (e.g. insert). Multiple permissive policies are suboptimal for performance as each policy must be executed for every relevant query.,"Table \`public.hub_states\` has multiple permissive policies for role \`authenticator\` for action \`SELECT\`. Policies include \`{""Admins can manage hub_states"",""Anyone can read hub_states""}\`",https://supabase.com/docs/guides/database/database-linter?lint=0006_multiple_permissive_policies,"{""name"":""hub_states"",""type"":""table"",""schema"":""public""}",multiple_permissive_policies_public_hub_states_authenticator_SELECT
multiple_permissive_policies,Multiple Permissive Policies,WARN,EXTERNAL,"[""PERFORMANCE""]",Detects if multiple permissive row level security policies are present on a table for the same \`role\` and \`action\` (e.g. insert). Multiple permissive policies are suboptimal for performance as each policy must be executed for every relevant query.,"Table \`public.hubs\` has multiple permissive policies for role \`authenticator\` for action \`SELECT\`. Policies include \`{""Admins can manage hubs"",""Anyone can read hubs""}\`",https://supabase.com/docs/guides/database/database-linter?lint=0006_multiple_permissive_policies,"{""name"":""hubs"",""type"":""table"",""schema"":""public""}",multiple_permissive_policies_public_hubs_authenticator_SELECT
multiple_permissive_policies,Multiple Permissive Policies,WARN,EXTERNAL,"[""PERFORMANCE""]",Detects if multiple permissive row level security policies are present on a table for the same \`role\` and \`action\` (e.g. insert). Multiple permissive policies are suboptimal for performance as each policy must be executed for every relevant query.,"Table \`public.mmp_files\` has multiple permissive policies for role \`authenticator\` for action \`SELECT\`. Policies include \`{""Allow read for all"",mmp_files_all_auth}\`",https://supabase.com/docs/guides/database/database-linter?lint=0006_multiple_permissive_policies,"{""name"":""mmp_files"",""type"":""table"",""schema"":""public""}",multiple_permissive_policies_public_mmp_files_authenticator_SELECT
multiple_permissive_policies,Multiple Permissive Policies,WARN,EXTERNAL,"[""PERFORMANCE""]",Detects if multiple permissive row level security policies are present on a table for the same \`role\` and \`action\` (e.g. insert). Multiple permissive policies are suboptimal for performance as each policy must be executed for every relevant query.,"Table \`public.mmp_site_entries\` has multiple permissive policies for role \`authenticator\` for action \`SELECT\`. Policies include \`{""Allow select mmp_site_entries for authenticated"",mmp_site_entries_select_authenticated}\`",https://supabase.com/docs/guides/database/database-linter?lint=0006_multiple_permissive_policies,"{""name"":""mmp_site_entries"",""type"":""table"",""schema"":""public""}",multiple_permissive_policies_public_mmp_site_entries_authenticator_SELECT
multiple_permissive_policies,Multiple Permissive Policies,WARN,EXTERNAL,"[""PERFORMANCE""]",Detects if multiple permissive row level security policies are present on a table for the same \`role\` and \`action\` (e.g. insert). Multiple permissive policies are suboptimal for performance as each policy must be executed for every relevant query.,"Table \`public.mmp_site_entries\` has multiple permissive policies for role \`authenticator\` for action \`UPDATE\`. Policies include \`{""Allow update mmp_site_entries for authenticated"",mmp_site_entries_update_authenticated}\`",https://supabase.com/docs/guides/database/database-linter?lint=0006_multiple_permissive_policies,"{""name"":""mmp_site_entries"",""type"":""table"",""schema"":""public""}",multiple_permissive_policies_public_mmp_site_entries_authenticator_UPDATE
multiple_permissive_policies,Multiple Permissive Policies,WARN,EXTERNAL,"[""PERFORMANCE""]",Detects if multiple permissive row level security policies are present on a table for the same \`role\` and \`action\` (e.g. insert). Multiple permissive policies are suboptimal for performance as each policy must be executed for every relevant query.,"Table \`public.notifications\` has multiple permissive policies for role \`authenticator\` for action \`DELETE\`. Policies include \`{""Users can delete own notifications"",""Users delete own notifications""}\`",https://supabase.com/docs/guides/database/database-linter?lint=0006_multiple_permissive_policies,"{""name"":""notifications"",""type"":""table"",""schema"":""public""}",multiple_permissive_policies_public_notifications_authenticator_DELETE
multiple_permissive_policies,Multiple Permissive Policies,WARN,EXTERNAL,"[""PERFORMANCE""]",Detects if multiple permissive row level security policies are present on a table for the same \`role\` and \`action\` (e.g. insert). Multiple permissive policies are suboptimal for performance as each policy must be executed for every relevant query.,"Table \`public.notifications\` has multiple permissive policies for role \`authenticator\` for action \`INSERT\`. Policies include \`{""Service can insert notifications"",""Service role inserts""}\`",https://supabase.com/docs/guides/database/database-linter?lint=0006_multiple_permissive_policies,"{""name"":""notifications"",""type"":""table"",""schema"":""public""}",multiple_permissive_policies_public_notifications_authenticator_INSERT
multiple_permissive_policies,Multiple Permissive Policies,WARN,EXTERNAL,"[""PERFORMANCE""]",Detects if multiple permissive row level security policies are present on a table for the same \`role\` and \`action\` (e.g. insert). Multiple permissive policies are suboptimal for performance as each policy must be executed for every relevant query.,"Table \`public.notifications\` has multiple permissive policies for role \`authenticator\` for action \`SELECT\`. Policies include \`{""Allow recipients to read their notifications"",""Users can read own notifications"",""Users view own notifications""}\`",https://supabase.com/docs/guides/database/database-linter?lint=0006_multiple_permissive_policies,"{""name"":""notifications"",""type"":""table"",""schema"":""public""}",multiple_permissive_policies_public_notifications_authenticator_SELECT
multiple_permissive_policies,Multiple Permissive Policies,WARN,EXTERNAL,"[""PERFORMANCE""]",Detects if multiple permissive row level security policies are present on a table for the same \`role\` and \`action\` (e.g. insert). Multiple permissive policies are suboptimal for performance as each policy must be executed for every relevant query.,"Table \`public.notifications\` has multiple permissive policies for role \`authenticator\` for action \`UPDATE\`. Policies include \`{""Users can update own notifications"",""Users update own notifications""}\`",https://supabase.com/docs/guides/database/database-linter?lint=0006_multiple_permissive_policies,"{""name"":""notifications"",""type"":""table"",""schema"":""public""}",multiple_permissive_policies_public_notifications_authenticator_UPDATE
multiple_permissive_policies,Multiple Permissive Policies,WARN,EXTERNAL,"[""PERFORMANCE""]",Detects if multiple permissive row level security policies are present on a table for the same \`role\` and \`action\` (e.g. insert). Multiple permissive policies are suboptimal for performance as each policy must be executed for every relevant query.,"Table \`public.payout_requests\` has multiple permissive policies for role \`authenticator\` for action \`SELECT\`. Policies include \`{""Users can view their own payout requests"",payout_select}\`",https://supabase.com/docs/guides/database/database-linter?lint=0006_multiple_permissive_policies,"{""name"":""payout_requests"",""type"":""table"",""schema"":""public""}",multiple_permissive_policies_public_payout_requests_authenticator_SELECT
multiple_permissive_policies,Multiple Permissive Policies,WARN,EXTERNAL,"[""PERFORMANCE""]",Detects if multiple permissive row level security policies are present on a table for the same \`role\` and \`action\` (e.g. insert). Multiple permissive policies are suboptimal for performance as each policy must be executed for every relevant query.,"Table \`public.permissions\` has multiple permissive policies for role \`authenticator\` for action \`SELECT\`. Policies include \`{permissions_modify_admin_only,permissions_select_all_auth}\`",https://supabase.com/docs/guides/database/database-linter?lint=0006_multiple_permissive_policies,"{""name"":""permissions"",""type"":""table"",""schema"":""public""}",multiple_permissive_policies_public_permissions_authenticator_SELECT
multiple_permissive_policies,Multiple Permissive Policies,WARN,EXTERNAL,"[""PERFORMANCE""]",Detects if multiple permissive row level security policies are present on a table for the same \`role\` and \`action\` (e.g. insert). Multiple permissive policies are suboptimal for performance as each policy must be executed for every relevant query.,"Table \`public.profiles\` has multiple permissive policies for role \`authenticator\` for action \`UPDATE\`. Policies include \`{profiles_admin_update,profiles_update_admin,profiles_update_admin_ict,profiles_update_own}\`",https://supabase.com/docs/guides/database/database-linter?lint=0006_multiple_permissive_policies,"{""name"":""profiles"",""type"":""table"",""schema"":""public""}",multiple_permissive_policies_public_profiles_authenticator_UPDATE
multiple_permissive_policies,Multiple Permissive Policies,WARN,EXTERNAL,"[""PERFORMANCE""]",Detects if multiple permissive row level security policies are present on a table for the same \`role\` and \`action\` (e.g. insert). Multiple permissive policies are suboptimal for performance as each policy must be executed for every relevant query.,"Table \`public.roles\` has multiple permissive policies for role \`authenticator\` for action \`SELECT\`. Policies include \`{roles_modify_admin_only,roles_select_all_auth}\`",https://supabase.com/docs/guides/database/database-linter?lint=0006_multiple_permissive_policies,"{""name"":""roles"",""type"":""table"",""schema"":""public""}",multiple_permissive_policies_public_roles_authenticator_SELECT
multiple_permissive_policies,Multiple Permissive Policies,WARN,EXTERNAL,"[""PERFORMANCE""]",Detects if multiple permissive row level security policies are present on a table for the same \`role\` and \`action\` (e.g. insert). Multiple permissive policies are suboptimal for performance as each policy must be executed for every relevant query.,"Table \`public.site_visit_cost_submissions\` has multiple permissive policies for role \`authenticator\` for action \`UPDATE\`. Policies include \`{""Admins can update submissions"",""Users can update own pending submissions""}\`",https://supabase.com/docs/guides/database/database-linter?lint=0006_multiple_permissive_policies,"{""name"":""site_visit_cost_submissions"",""type"":""table"",""schema"":""public""}",multiple_permissive_policies_public_site_visit_cost_submissions_authenticator_UPDATE
multiple_permissive_policies,Multiple Permissive Policies,WARN,EXTERNAL,"[""PERFORMANCE""]",Detects if multiple permissive row level security policies are present on a table for the same \`role\` and \`action\` (e.g. insert). Multiple permissive policies are suboptimal for performance as each policy must be executed for every relevant query.,"Table \`public.site_visit_costs\` has multiple permissive policies for role \`authenticator\` for action \`DELETE\`. Policies include \`{""Admins and supervisors can manage site visit costs"",""Supervisors can manage site visit costs""}\`",https://supabase.com/docs/guides/database/database-linter?lint=0006_multiple_permissive_policies,"{""name"":""site_visit_costs"",""type"":""table"",""schema"":""public""}",multiple_permissive_policies_public_site_visit_costs_authenticator_DELETE
multiple_permissive_policies,Multiple Permissive Policies,WARN,EXTERNAL,"[""PERFORMANCE""]",Detects if multiple permissive row level security policies are present on a table for the same \`role\` and \`action\` (e.g. insert). Multiple permissive policies are suboptimal for performance as each policy must be executed for every relevant query.,"Table \`public.site_visit_costs\` has multiple permissive policies for role \`authenticator\` for action \`INSERT\`. Policies include \`{""Admins and supervisors can manage site visit costs"",""Supervisors can manage site visit costs""}\`",https://supabase.com/docs/guides/database/database-linter?lint=0006_multiple_permissive_policies,"{""name"":""site_visit_costs"",""type"":""table"",""schema"":""public""}",multiple_permissive_policies_public_site_visit_costs_authenticator_INSERT
multiple_permissive_policies,Multiple Permissive Policies,WARN,EXTERNAL,"[""PERFORMANCE""]",Detects if multiple permissive row level security policies are present on a table for the same \`role\` and \`action\` (e.g. insert). Multiple permissive policies are suboptimal for performance as each policy must be executed for every relevant query.,"Table \`public.site_visit_costs\` has multiple permissive policies for role \`authenticator\` for action \`SELECT\`. Policies include \`{""Admins and supervisors can manage site visit costs"",""Supervisors can manage site visit costs"",""Users can view site visit costs"",""Users can view site visit costs for their assigned visits""}\`",https://supabase.com/docs/guides/database/database-linter?lint=0006_multiple_permissive_policies,"{""name"":""site_visit_costs"",""type"":""table"",""schema"":""public""}",multiple_permissive_policies_public_site_visit_costs_authenticator_SELECT
multiple_permissive_policies,Multiple Permissive Policies,WARN,EXTERNAL,"[""PERFORMANCE""]",Detects if multiple permissive row level security policies are present on a table for the same \`role\` and \`action\` (e.g. insert). Multiple permissive policies are suboptimal for performance as each policy must be executed for every relevant query.,"Table \`public.site_visit_costs\` has multiple permissive policies for role \`authenticator\` for action \`UPDATE\`. Policies include \`{""Admins and supervisors can manage site visit costs"",""Supervisors can manage site visit costs""}\`",https://supabase.com/docs/guides/database/database-linter?lint=0006_multiple_permissive_policies,"{""name"":""site_visit_costs"",""type"":""table"",""schema"":""public""}",multiple_permissive_policies_public_site_visit_costs_authenticator_UPDATE
multiple_permissive_policies,Multiple Permissive Policies,WARN,EXTERNAL,"[""PERFORMANCE""]",Detects if multiple permissive row level security policies are present on a table for the same \`role\` and \`action\` (e.g. insert). Multiple permissive policies are suboptimal for performance as each policy must be executed for every relevant query.,"Table \`public.sites_registry\` has multiple permissive policies for role \`authenticator\` for action \`SELECT\`. Policies include \`{""Admins can manage sites_registry"",""Anyone can read sites_registry""}\`",https://supabase.com/docs/guides/database/database-linter?lint=0006_multiple_permissive_policies,"{""name"":""sites_registry"",""type"":""table"",""schema"":""public""}",multiple_permissive_policies_public_sites_registry_authenticator_SELECT
multiple_permissive_policies,Multiple Permissive Policies,WARN,EXTERNAL,"[""PERFORMANCE""]",Detects if multiple permissive row level security policies are present on a table for the same \`role\` and \`action\` (e.g. insert). Multiple permissive policies are suboptimal for performance as each policy must be executed for every relevant query.,"Table \`public.super_admins\` has multiple permissive policies for role \`authenticator\` for action \`SELECT\`. Policies include \`{""Super admins can view all super_admins"",super_admins_manage,super_admins_select_all,super_admins_select_self,super_admins_view_admin,super_admins_view_own}\`",https://supabase.com/docs/guides/database/database-linter?lint=0006_multiple_permissive_policies,"{""name"":""super_admins"",""type"":""table"",""schema"":""public""}",multiple_permissive_policies_public_super_admins_authenticator_SELECT
multiple_permissive_policies,Multiple Permissive Policies,WARN,EXTERNAL,"[""PERFORMANCE""]",Detects if multiple permissive row level security policies are present on a table for the same \`role\` and \`action\` (e.g. insert). Multiple permissive policies are suboptimal for performance as each policy must be executed for every relevant query.,"Table \`public.user_classifications\` has multiple permissive policies for role \`authenticator\` for action \`SELECT\`. Policies include \`{""Admin manage user_classifications"",""Public read user_classifications""}\`",https://supabase.com/docs/guides/database/database-linter?lint=0006_multiple_permissive_policies,"{""name"":""user_classifications"",""type"":""table"",""schema"":""public""}",multiple_permissive_policies_public_user_classifications_authenticator_SELECT
multiple_permissive_policies,Multiple Permissive Policies,WARN,EXTERNAL,"[""PERFORMANCE""]",Detects if multiple permissive row level security policies are present on a table for the same \`role\` and \`action\` (e.g. insert). Multiple permissive policies are suboptimal for performance as each policy must be executed for every relevant query.,"Table \`public.user_roles\` has multiple permissive policies for role \`authenticator\` for action \`DELETE\`. Policies include \`{""Admins can manage user roles"",user_roles_modify_admin_ict}\`",https://supabase.com/docs/guides/database/database-linter?lint=0006_multiple_permissive_policies,"{""name"":""user_roles"",""type"":""table"",""schema"":""public""}",multiple_permissive_policies_public_user_roles_authenticator_DELETE
multiple_permissive_policies,Multiple Permissive Policies,WARN,EXTERNAL,"[""PERFORMANCE""]",Detects if multiple permissive row level security policies are present on a table for the same \`role\` and \`action\` (e.g. insert). Multiple permissive policies are suboptimal for performance as each policy must be executed for every relevant query.,"Table \`public.user_roles\` has multiple permissive policies for role \`authenticator\` for action \`INSERT\`. Policies include \`{""Admins can manage user roles"",user_roles_modify_admin_ict}\`",https://supabase.com/docs/guides/database/database-linter?lint=0006_multiple_permissive_policies,"{""name"":""user_roles"",""type"":""table"",""schema"":""public""}",multiple_permissive_policies_public_user_roles_authenticator_INSERT
multiple_permissive_policies,Multiple Permissive Policies,WARN,EXTERNAL,"[""PERFORMANCE""]",Detects if multiple permissive row level security policies are present on a table for the same \`role\` and \`action\` (e.g. insert). Multiple permissive policies are suboptimal for performance as each policy must be executed for every relevant query.,"Table \`public.user_roles\` has multiple permissive policies for role \`authenticator\` for action \`SELECT\`. Policies include \`{""Admins can manage user roles"",""Users can view their own roles"",user_roles_modify_admin_ict,user_roles_select_self_or_admin}\`",https://supabase.com/docs/guides/database/database-linter?lint=0006_multiple_permissive_policies,"{""name"":""user_roles"",""type"":""table"",""schema"":""public""}",multiple_permissive_policies_public_user_roles_authenticator_SELECT
multiple_permissive_policies,Multiple Permissive Policies,WARN,EXTERNAL,"[""PERFORMANCE""]",Detects if multiple permissive row level security policies are present on a table for the same \`role\` and \`action\` (e.g. insert). Multiple permissive policies are suboptimal for performance as each policy must be executed for every relevant query.,"Table \`public.user_roles\` has multiple permissive policies for role \`authenticator\` for action \`UPDATE\`. Policies include \`{""Admins can manage user roles"",user_roles_modify_admin_ict}\`",https://supabase.com/docs/guides/database/database-linter?lint=0006_multiple_permissive_policies,"{""name"":""user_roles"",""type"":""table"",""schema"":""public""}",multiple_permissive_policies_public_user_roles_authenticator_UPDATE
multiple_permissive_policies,Multiple Permissive Policies,WARN,EXTERNAL,"[""PERFORMANCE""]",Detects if multiple permissive row level security policies are present on a table for the same \`role\` and \`action\` (e.g. insert). Multiple permissive policies are suboptimal for performance as each policy must be executed for every relevant query.,"Table \`public.user_settings\` has multiple permissive policies for role \`authenticator\` for action \`DELETE\`. Policies include \`{user_settings_delete_own,user_settings_modify_own}\`",https://supabase.com/docs/guides/database/database-linter?lint=0006_multiple_permissive_policies,"{""name"":""user_settings"",""type"":""table"",""schema"":""public""}",multiple_permissive_policies_public_user_settings_authenticator_DELETE
multiple_permissive_policies,Multiple Permissive Policies,WARN,EXTERNAL,"[""PERFORMANCE""]",Detects if multiple permissive row level security policies are present on a table for the same \`role\` and \`action\` (e.g. insert). Multiple permissive policies are suboptimal for performance as each policy must be executed for every relevant query.,"Table \`public.user_settings\` has multiple permissive policies for role \`authenticator\` for action \`INSERT\`. Policies include \`{user_settings_insert_own,user_settings_modify_own}\`",https://supabase.com/docs/guides/database/database-linter?lint=0006_multiple_permissive_policies,"{""name"":""user_settings"",""type"":""table"",""schema"":""public""}",multiple_permissive_policies_public_user_settings_authenticator_INSERT
multiple_permissive_policies,Multiple Permissive Policies,WARN,EXTERNAL,"[""PERFORMANCE""]",Detects if multiple permissive row level security policies are present on a table for the same \`role\` and \`action\` (e.g. insert). Multiple permissive policies are suboptimal for performance as each policy must be executed for every relevant query.,"Table \`public.user_settings\` has multiple permissive policies for role \`authenticator\` for action \`SELECT\`. Policies include \`{user_settings_modify_own,user_settings_select_own}\`",https://supabase.com/docs/guides/database/database-linter?lint=0006_multiple_permissive_policies,"{""name"":""user_settings"",""type"":""table"",""schema"":""public""}",multiple_permissive_policies_public_user_settings_authenticator_SELECT
multiple_permissive_policies,Multiple Permissive Policies,WARN,EXTERNAL,"[""PERFORMANCE""]",Detects if multiple permissive row level security policies are present on a table for the same \`role\` and \`action\` (e.g. insert). Multiple permissive policies are suboptimal for performance as each policy must be executed for every relevant query.,"Table \`public.user_settings\` has multiple permissive policies for role \`authenticator\` for action \`UPDATE\`. Policies include \`{user_settings_modify_own,user_settings_update_own}\`",https://supabase.com/docs/guides/database/database-linter?lint=0006_multiple_permissive_policies,"{""name"":""user_settings"",""type"":""table"",""schema"":""public""}",multiple_permissive_policies_public_user_settings_authenticator_UPDATE
multiple_permissive_policies,Multiple Permissive Policies,WARN,EXTERNAL,"[""PERFORMANCE""]",Detects if multiple permissive row level security policies are present on a table for the same \`role\` and \`action\` (e.g. insert). Multiple permissive policies are suboptimal for performance as each policy must be executed for every relevant query.,"Table \`public.wallet_settings\` has multiple permissive policies for role \`authenticator\` for action \`DELETE\`. Policies include \`{""Users can manage their own wallet settings"",wallet_settings_delete_own,wallet_settings_modify_own}\`",https://supabase.com/docs/guides/database/database-linter?lint=0006_multiple_permissive_policies,"{""name"":""wallet_settings"",""type"":""table"",""schema"":""public""}",multiple_permissive_policies_public_wallet_settings_authenticator_DELETE
multiple_permissive_policies,Multiple Permissive Policies,WARN,EXTERNAL,"[""PERFORMANCE""]",Detects if multiple permissive row level security policies are present on a table for the same \`role\` and \`action\` (e.g. insert). Multiple permissive policies are suboptimal for performance as each policy must be executed for every relevant query.,"Table \`public.wallet_settings\` has multiple permissive policies for role \`authenticator\` for action \`INSERT\`. Policies include \`{""Users can manage their own wallet settings"",wallet_settings_insert_own,wallet_settings_modify_own}\`",https://supabase.com/docs/guides/database/database-linter?lint=0006_multiple_permissive_policies,"{""name"":""wallet_settings"",""type"":""table"",""schema"":""public""}",multiple_permissive_policies_public_wallet_settings_authenticator_INSERT
multiple_permissive_policies,Multiple Permissive Policies,WARN,EXTERNAL,"[""PERFORMANCE""]",Detects if multiple permissive row level security policies are present on a table for the same \`role\` and \`action\` (e.g. insert). Multiple permissive policies are suboptimal for performance as each policy must be executed for every relevant query.,"Table \`public.wallet_settings\` has multiple permissive policies for role \`authenticator\` for action \`SELECT\`. Policies include \`{""Users can manage their own wallet settings"",wallet_settings_modify_own,wallet_settings_select_own}\`",https://supabase.com/docs/guides/database/database-linter?lint=0006_multiple_permissive_policies,"{""name"":""wallet_settings"",""type"":""table"",""schema"":""public""}",multiple_permissive_policies_public_wallet_settings_authenticator_SELECT
multiple_permissive_policies,Multiple Permissive Policies,WARN,EXTERNAL,"[""PERFORMANCE""]",Detects if multiple permissive row level security policies are present on a table for the same \`role\` and \`action\` (e.g. insert). Multiple permissive policies are suboptimal for performance as each policy must be executed for every relevant query.,"Table \`public.wallet_settings\` has multiple permissive policies for role \`authenticator\` for action \`UPDATE\`. Policies include \`{""Users can manage their own wallet settings"",wallet_settings_modify_own,wallet_settings_update_own}\`",https://supabase.com/docs/guides/database/database-linter?lint=0006_multiple_permissive_policies,"{""name"":""wallet_settings"",""type"":""table"",""schema"":""public""}",multiple_permissive_policies_public_wallet_settings_authenticator_UPDATE
multiple_permissive_policies,Multiple Permissive Policies,WARN,EXTERNAL,"[""PERFORMANCE""]",Detects if multiple permissive row level security policies are present on a table for the same \`role\` and \`action\` (e.g. insert). Multiple permissive policies are suboptimal for performance as each policy must be executed for every relevant query.,"Table \`public.wallet_transactions\` has multiple permissive policies for role \`authenticator\` for action \`INSERT\`. Policies include \`{""Admins can manage all transactions"",""System can insert transactions""}\`",https://supabase.com/docs/guides/database/database-linter?lint=0006_multiple_permissive_policies,"{""name"":""wallet_transactions"",""type"":""table"",""schema"":""public""}",multiple_permissive_policies_public_wallet_transactions_authenticator_INSERT
multiple_permissive_policies,Multiple Permissive Policies,WARN,EXTERNAL,"[""PERFORMANCE""]",Detects if multiple permissive row level security policies are present on a table for the same \`role\` and \`action\` (e.g. insert). Multiple permissive policies are suboptimal for performance as each policy must be executed for every relevant query.,"Table \`public.wallet_transactions\` has multiple permissive policies for role \`authenticator\` for action \`SELECT\`. Policies include \`{""Admins can manage all transactions"",""Admins can view all transactions"",""Users can view their own transactions"",wallet_tx_select}\`",https://supabase.com/docs/guides/database/database-linter?lint=0006_multiple_permissive_policies,"{""name"":""wallet_transactions"",""type"":""table"",""schema"":""public""}",multiple_permissive_policies_public_wallet_transactions_authenticator_SELECT
multiple_permissive_policies,Multiple Permissive Policies,WARN,EXTERNAL,"[""PERFORMANCE""]",Detects if multiple permissive row level security policies are present on a table for the same \`role\` and \`action\` (e.g. insert). Multiple permissive policies are suboptimal for performance as each policy must be executed for every relevant query.,"Table \`public.wallet_transactions\` has multiple permissive policies for role \`authenticator\` for action \`UPDATE\`. Policies include \`{""Admins can manage all transactions"",""Admins can update transactions""}\`",https://supabase.com/docs/guides/database/database-linter?lint=0006_multiple_permissive_policies,"{""name"":""wallet_transactions"",""type"":""table"",""schema"":""public""}",multiple_permissive_policies_public_wallet_transactions_authenticator_UPDATE
multiple_permissive_policies,Multiple Permissive Policies,WARN,EXTERNAL,"[""PERFORMANCE""]",Detects if multiple permissive row level security policies are present on a table for the same \`role\` and \`action\` (e.g. insert). Multiple permissive policies are suboptimal for performance as each policy must be executed for every relevant query.,"Table \`public.wallets\` has multiple permissive policies for role \`authenticator\` for action \`INSERT\`. Policies include \`{""Admins can manage all wallets"",""Users can insert their own wallet""}\`",https://supabase.com/docs/guides/database/database-linter?lint=0006_multiple_permissive_policies,"{""name"":""wallets"",""type"":""table"",""schema"":""public""}",multiple_permissive_policies_public_wallets_authenticator_INSERT
multiple_permissive_policies,Multiple Permissive Policies,WARN,EXTERNAL,"[""PERFORMANCE""]",Detects if multiple permissive row level security policies are present on a table for the same \`role\` and \`action\` (e.g. insert). Multiple permissive policies are suboptimal for performance as each policy must be executed for every relevant query.,"Table \`public.wallets\` has multiple permissive policies for role \`authenticator\` for action \`SELECT\`. Policies include \`{""Admins can manage all wallets"",""Admins can view all wallets"",""Users can view their own wallet"",wallets_select}\`",https://supabase.com/docs/guides/database/database-linter?lint=0006_multiple_permissive_policies,"{""name"":""wallets"",""type"":""table"",""schema"":""public""}",multiple_permissive_policies_public_wallets_authenticator_SELECT
multiple_permissive_policies,Multiple Permissive Policies,WARN,EXTERNAL,"[""PERFORMANCE""]",Detects if multiple permissive row level security policies are present on a table for the same \`role\` and \`action\` (e.g. insert). Multiple permissive policies are suboptimal for performance as each policy must be executed for every relevant query.,"Table \`public.wallets\` has multiple permissive policies for role \`authenticator\` for action \`UPDATE\`. Policies include \`{""Admins can manage all wallets"",""Users can update their own wallet""}\`",https://supabase.com/docs/guides/database/database-linter?lint=0006_multiple_permissive_policies,"{""name"":""wallets"",""type"":""table"",""schema"":""public""}",multiple_permissive_policies_public_wallets_authenticator_UPDATE
multiple_permissive_policies,Multiple Permissive Policies,WARN,EXTERNAL,"[""PERFORMANCE""]",Detects if multiple permissive row level security policies are present on a table for the same \`role\` and \`action\` (e.g. insert). Multiple permissive policies are suboptimal for performance as each policy must be executed for every relevant query.,"Table \`public.withdrawal_requests\` has multiple permissive policies for role \`authenticator\` for action \`SELECT\`. Policies include \`{""Supervisors can view all withdrawal requests"",""Users can view their own withdrawal requests""}\`",https://supabase.com/docs/guides/database/database-linter?lint=0006_multiple_permissive_policies,"{""name"":""withdrawal_requests"",""type"":""table"",""schema"":""public""}",multiple_permissive_policies_public_withdrawal_requests_authenticator_SELECT
multiple_permissive_policies,Multiple Permissive Policies,WARN,EXTERNAL,"[""PERFORMANCE""]",Detects if multiple permissive row level security policies are present on a table for the same \`role\` and \`action\` (e.g. insert). Multiple permissive policies are suboptimal for performance as each policy must be executed for every relevant query.,"Table \`public.withdrawal_requests\` has multiple permissive policies for role \`authenticator\` for action \`UPDATE\`. Policies include \`{""Supervisors can approve/reject withdrawal requests"",""Users can update their own pending withdrawal requests""}\`",https://supabase.com/docs/guides/database/database-linter?lint=0006_multiple_permissive_policies,"{""name"":""withdrawal_requests"",""type"":""table"",""schema"":""public""}",multiple_permissive_policies_public_withdrawal_requests_authenticator_UPDATE
multiple_permissive_policies,Multiple Permissive Policies,WARN,EXTERNAL,"[""PERFORMANCE""]",Detects if multiple permissive row level security policies are present on a table for the same \`role\` and \`action\` (e.g. insert). Multiple permissive policies are suboptimal for performance as each policy must be executed for every relevant query.,"Table \`public.audit_logs\` has multiple permissive policies for role \`cli_login_postgres\` for action \`INSERT\`. Policies include \`{""Allow authenticated users to insert audit logs"",""System can insert audit logs""}\`",https://supabase.com/docs/guides/database/database-linter?lint=0006_multiple_permissive_policies,"{""name"":""audit_logs"",""type"":""table"",""schema"":""public""}",multiple_permissive_policies_public_audit_logs_cli_login_postgres_INSERT
multiple_permissive_policies,Multiple Permissive Policies,WARN,EXTERNAL,"[""PERFORMANCE""]",Detects if multiple permissive row level security policies are present on a table for the same \`role\` and \`action\` (e.g. insert). Multiple permissive policies are suboptimal for performance as each policy must be executed for every relevant query.,"Table \`public.audit_logs\` has multiple permissive policies for role \`cli_login_postgres\` for action \`SELECT\`. Policies include \`{""Admins can read audit logs"",""Allow authenticated users to read audit logs"",""Super admins can read audit logs""}\`",https://supabase.com/docs/guides/database/database-linter?lint=0006_multiple_permissive_policies,"{""name"":""audit_logs"",""type"":""table"",""schema"":""public""}",multiple_permissive_policies_public_audit_logs_cli_login_postgres_SELECT
multiple_permissive_policies,Multiple Permissive Policies,WARN,EXTERNAL,"[""PERFORMANCE""]",Detects if multiple permissive row level security policies are present on a table for the same \`role\` and \`action\` (e.g. insert). Multiple permissive policies are suboptimal for performance as each policy must be executed for every relevant query.,"Table \`public.chat_messages\` has multiple permissive policies for role \`cli_login_postgres\` for action \`INSERT\`. Policies include \`{""Users can insert messages in their chats"",chat_messages_insert_participant}\`",https://supabase.com/docs/guides/database/database-linter?lint=0006_multiple_permissive_policies,"{""name"":""chat_messages"",""type"":""table"",""schema"":""public""}",multiple_permissive_policies_public_chat_messages_cli_login_postgres_INSERT
multiple_permissive_policies,Multiple Permissive Policies,WARN,EXTERNAL,"[""PERFORMANCE""]",Detects if multiple permissive row level security policies are present on a table for the same \`role\` and \`action\` (e.g. insert). Multiple permissive policies are suboptimal for performance as each policy must be executed for every relevant query.,"Table \`public.chat_messages\` has multiple permissive policies for role \`cli_login_postgres\` for action \`SELECT\`. Policies include \`{""Users can view messages in their chats"",chat_messages_select_participant}\`",https://supabase.com/docs/guides/database/database-linter?lint=0006_multiple_permissive_policies,"{""name"":""chat_messages"",""type"":""table"",""schema"":""public""}",multiple_permissive_policies_public_chat_messages_cli_login_postgres_SELECT
multiple_permissive_policies,Multiple Permissive Policies,WARN,EXTERNAL,"[""PERFORMANCE""]",Detects if multiple permissive row level security policies are present on a table for the same \`role\` and \`action\` (e.g. insert). Multiple permissive policies are suboptimal for performance as each policy must be executed for every relevant query.,"Table \`public.chat_participants\` has multiple permissive policies for role \`cli_login_postgres\` for action \`DELETE\`. Policies include \`{""Users can manage their own chat participants"",chat_participants_delete_self_or_owner}\`",https://supabase.com/docs/guides/database/database-linter?lint=0006_multiple_permissive_policies,"{""name"":""chat_participants"",""type"":""table"",""schema"":""public""}",multiple_permissive_policies_public_chat_participants_cli_login_postgres_DELETE
multiple_permissive_policies,Multiple Permissive Policies,WARN,EXTERNAL,"[""PERFORMANCE""]",Detects if multiple permissive row level security policies are present on a table for the same \`role\` and \`action\` (e.g. insert). Multiple permissive policies are suboptimal for performance as each policy must be executed for every relevant query.,"Table \`public.chat_participants\` has multiple permissive policies for role \`cli_login_postgres\` for action \`INSERT\`. Policies include \`{""Users can manage their own chat participants"",chat_participants_insert_self_or_owner}\`",https://supabase.com/docs/guides/database/database-linter?lint=0006_multiple_permissive_policies,"{""name"":""chat_participants"",""type"":""table"",""schema"":""public""}",multiple_permissive_policies_public_chat_participants_cli_login_postgres_INSERT
multiple_permissive_policies,Multiple Permissive Policies,WARN,EXTERNAL,"[""PERFORMANCE""]",Detects if multiple permissive row level security policies are present on a table for the same \`role\` and \`action\` (e.g. insert). Multiple permissive policies are suboptimal for performance as each policy must be executed for every relevant query.,"Table \`public.chat_participants\` has multiple permissive policies for role \`cli_login_postgres\` for action \`SELECT\`. Policies include \`{""Users can manage their own chat participants"",chat_participants_select_in_same_chat,chat_participants_select_self}\`",https://supabase.com/docs/guides/database/database-linter?lint=0006_multiple_permissive_policies,"{""name"":""chat_participants"",""type"":""table"",""schema"":""public""}",multiple_permissive_policies_public_chat_participants_cli_login_postgres_SELECT
multiple_permissive_policies,Multiple Permissive Policies,WARN,EXTERNAL,"[""PERFORMANCE""]",Detects if multiple permissive row level security policies are present on a table for the same \`role\` and \`action\` (e.g. insert). Multiple permissive policies are suboptimal for performance as each policy must be executed for every relevant query.,"Table \`public.chats\` has multiple permissive policies for role \`cli_login_postgres\` for action \`SELECT\`. Policies include \`{chats_select_creator,chats_select_participant}\`",https://supabase.com/docs/guides/database/database-linter?lint=0006_multiple_permissive_policies,"{""name"":""chats"",""type"":""table"",""schema"":""public""}",multiple_permissive_policies_public_chats_cli_login_postgres_SELECT
multiple_permissive_policies,Multiple Permissive Policies,WARN,EXTERNAL,"[""PERFORMANCE""]",Detects if multiple permissive row level security policies are present on a table for the same \`role\` and \`action\` (e.g. insert). Multiple permissive policies are suboptimal for performance as each policy must be executed for every relevant query.,"Table \`public.classification_fee_structures\` has multiple permissive policies for role \`cli_login_postgres\` for action \`SELECT\`. Policies include \`{""Admin manage classification_fee_structures"",""Public read classification_fee_structures""}\`",https://supabase.com/docs/guides/database/database-linter?lint=0006_multiple_permissive_policies,"{""name"":""classification_fee_structures"",""type"":""table"",""schema"":""public""}",multiple_permissive_policies_public_classification_fee_structures_cli_login_postgres_SELECT
multiple_permissive_policies,Multiple Permissive Policies,WARN,EXTERNAL,"[""PERFORMANCE""]",Detects if multiple permissive row level security policies are present on a table for the same \`role\` and \`action\` (e.g. insert). Multiple permissive policies are suboptimal for performance as each policy must be executed for every relevant query.,"Table \`public.dashboard_settings\` has multiple permissive policies for role \`cli_login_postgres\` for action \`DELETE\`. Policies include \`{dashboard_settings_delete_own,dashboard_settings_modify_own}\`",https://supabase.com/docs/guides/database/database-linter?lint=0006_multiple_permissive_policies,"{""name"":""dashboard_settings"",""type"":""table"",""schema"":""public""}",multiple_permissive_policies_public_dashboard_settings_cli_login_postgres_DELETE
multiple_permissive_policies,Multiple Permissive Policies,WARN,EXTERNAL,"[""PERFORMANCE""]",Detects if multiple permissive row level security policies are present on a table for the same \`role\` and \`action\` (e.g. insert). Multiple permissive policies are suboptimal for performance as each policy must be executed for every relevant query.,"Table \`public.dashboard_settings\` has multiple permissive policies for role \`cli_login_postgres\` for action \`INSERT\`. Policies include \`{dashboard_settings_insert_own,dashboard_settings_modify_own}\`",https://supabase.com/docs/guides/database/database-linter?lint=0006_multiple_permissive_policies,"{""name"":""dashboard_settings"",""type"":""table"",""schema"":""public""}",multiple_permissive_policies_public_dashboard_settings_cli_login_postgres_INSERT
multiple_permissive_policies,Multiple Permissive Policies,WARN,EXTERNAL,"[""PERFORMANCE""]",Detects if multiple permissive row level security policies are present on a table for the same \`role\` and \`action\` (e.g. insert). Multiple permissive policies are suboptimal for performance as each policy must be executed for every relevant query.,"Table \`public.dashboard_settings\` has multiple permissive policies for role \`cli_login_postgres\` for action \`SELECT\`. Policies include \`{dashboard_settings_modify_own,dashboard_settings_select_own}\`",https://supabase.com/docs/guides/database/database-linter?lint=0006_multiple_permissive_policies,"{""name"":""dashboard_settings"",""type"":""table"",""schema"":""public""}",multiple_permissive_policies_public_dashboard_settings_cli_login_postgres_SELECT
multiple_permissive_policies,Multiple Permissive Policies,WARN,EXTERNAL,"[""PERFORMANCE""]",Detects if multiple permissive row level security policies are present on a table for the same \`role\` and \`action\` (e.g. insert). Multiple permissive policies are suboptimal for performance as each policy must be executed for every relevant query.,"Table \`public.dashboard_settings\` has multiple permissive policies for role \`cli_login_postgres\` for action \`UPDATE\`. Policies include \`{dashboard_settings_modify_own,dashboard_settings_update_own}\`",https://supabase.com/docs/guides/database/database-linter?lint=0006_multiple_permissive_policies,"{""name"":""dashboard_settings"",""type"":""table"",""schema"":""public""}",multiple_permissive_policies_public_dashboard_settings_cli_login_postgres_UPDATE
multiple_permissive_policies,Multiple Permissive Policies,WARN,EXTERNAL,"[""PERFORMANCE""]",Detects if multiple permissive row level security policies are present on a table for the same \`role\` and \`action\` (e.g. insert). Multiple permissive policies are suboptimal for performance as each policy must be executed for every relevant query.,"Table \`public.data_visibility_settings\` has multiple permissive policies for role \`cli_login_postgres\` for action \`DELETE\`. Policies include \`{data_visibility_settings_delete_own,data_visibility_settings_modify_own}\`",https://supabase.com/docs/guides/database/database-linter?lint=0006_multiple_permissive_policies,"{""name"":""data_visibility_settings"",""type"":""table"",""schema"":""public""}",multiple_permissive_policies_public_data_visibility_settings_cli_login_postgres_DELETE
multiple_permissive_policies,Multiple Permissive Policies,WARN,EXTERNAL,"[""PERFORMANCE""]",Detects if multiple permissive row level security policies are present on a table for the same \`role\` and \`action\` (e.g. insert). Multiple permissive policies are suboptimal for performance as each policy must be executed for every relevant query.,"Table \`public.data_visibility_settings\` has multiple permissive policies for role \`cli_login_postgres\` for action \`INSERT\`. Policies include \`{data_visibility_settings_insert_own,data_visibility_settings_modify_own}\`",https://supabase.com/docs/guides/database/database-linter?lint=0006_multiple_permissive_policies,"{""name"":""data_visibility_settings"",""type"":""table"",""schema"":""public""}",multiple_permissive_policies_public_data_visibility_settings_cli_login_postgres_INSERT
multiple_permissive_policies,Multiple Permissive Policies,WARN,EXTERNAL,"[""PERFORMANCE""]",Detects if multiple permissive row level security policies are present on a table for the same \`role\` and \`action\` (e.g. insert). Multiple permissive policies are suboptimal for performance as each policy must be executed for every relevant query.,"Table \`public.data_visibility_settings\` has multiple permissive policies for role \`cli_login_postgres\` for action \`SELECT\`. Policies include \`{data_visibility_settings_modify_own,data_visibility_settings_select_own}\`",https://supabase.com/docs/guides/database/database-linter?lint=0006_multiple_permissive_policies,"{""name"":""data_visibility_settings"",""type"":""table"",""schema"":""public""}",multiple_permissive_policies_public_data_visibility_settings_cli_login_postgres_SELECT
multiple_permissive_policies,Multiple Permissive Policies,WARN,EXTERNAL,"[""PERFORMANCE""]",Detects if multiple permissive row level security policies are present on a table for the same \`role\` and \`action\` (e.g. insert). Multiple permissive policies are suboptimal for performance as each policy must be executed for every relevant query.,"Table \`public.data_visibility_settings\` has multiple permissive policies for role \`cli_login_postgres\` for action \`UPDATE\`. Policies include \`{data_visibility_settings_modify_own,data_visibility_settings_update_own}\`",https://supabase.com/docs/guides/database/database-linter?lint=0006_multiple_permissive_policies,"{""name"":""data_visibility_settings"",""type"":""table"",""schema"":""public""}",multiple_permissive_policies_public_data_visibility_settings_cli_login_postgres_UPDATE
multiple_permissive_policies,Multiple Permissive Policies,WARN,EXTERNAL,"[""PERFORMANCE""]",Detects if multiple permissive row level security policies are present on a table for the same \`role\` and \`action\` (e.g. insert). Multiple permissive policies are suboptimal for performance as each policy must be executed for every relevant query.,"Table \`public.down_payment_requests\` has multiple permissive policies for role \`cli_login_postgres\` for action \`INSERT\`. Policies include \`{down_payment_requests_admin_all,down_payment_requests_user_create}\`",https://supabase.com/docs/guides/database/database-linter?lint=0006_multiple_permissive_policies,"{""name"":""down_payment_requests"",""type"":""table"",""schema"":""public""}",multiple_permissive_policies_public_down_payment_requests_cli_login_postgres_INSERT
multiple_permissive_policies,Multiple Permissive Policies,WARN,EXTERNAL,"[""PERFORMANCE""]",Detects if multiple permissive row level security policies are present on a table for the same \`role\` and \`action\` (e.g. insert). Multiple permissive policies are suboptimal for performance as each policy must be executed for every relevant query.,"Table \`public.down_payment_requests\` has multiple permissive policies for role \`cli_login_postgres\` for action \`SELECT\`. Policies include \`{down_payment_requests_admin_all,down_payment_requests_supervisor_view,down_payment_requests_user_view}\`",https://supabase.com/docs/guides/database/database-linter?lint=0006_multiple_permissive_policies,"{""name"":""down_payment_requests"",""type"":""table"",""schema"":""public""}",multiple_permissive_policies_public_down_payment_requests_cli_login_postgres_SELECT
multiple_permissive_policies,Multiple Permissive Policies,WARN,EXTERNAL,"[""PERFORMANCE""]",Detects if multiple permissive row level security policies are present on a table for the same \`role\` and \`action\` (e.g. insert). Multiple permissive policies are suboptimal for performance as each policy must be executed for every relevant query.,"Table \`public.down_payment_requests\` has multiple permissive policies for role \`cli_login_postgres\` for action \`UPDATE\`. Policies include \`{down_payment_requests_admin_all,down_payment_requests_supervisor_update}\`",https://supabase.com/docs/guides/database/database-linter?lint=0006_multiple_permissive_policies,"{""name"":""down_payment_requests"",""type"":""table"",""schema"":""public""}",multiple_permissive_policies_public_down_payment_requests_cli_login_postgres_UPDATE
multiple_permissive_policies,Multiple Permissive Policies,WARN,EXTERNAL,"[""PERFORMANCE""]",Detects if multiple permissive row level security policies are present on a table for the same \`role\` and \`action\` (e.g. insert). Multiple permissive policies are suboptimal for performance as each policy must be executed for every relevant query.,"Table \`public.feedback\` has multiple permissive policies for role \`cli_login_postgres\` for action \`SELECT\`. Policies include \`{feedback_select_admin,feedback_select_own}\`",https://supabase.com/docs/guides/database/database-linter?lint=0006_multiple_permissive_policies,"{""name"":""feedback"",""type"":""table"",""schema"":""public""}",multiple_permissive_policies_public_feedback_cli_login_postgres_SELECT
multiple_permissive_policies,Multiple Permissive Policies,WARN,EXTERNAL,"[""PERFORMANCE""]",Detects if multiple permissive row level security policies are present on a table for the same \`role\` and \`action\` (e.g. insert). Multiple permissive policies are suboptimal for performance as each policy must be executed for every relevant query.,"Table \`public.hub_states\` has multiple permissive policies for role \`cli_login_postgres\` for action \`SELECT\`. Policies include \`{""Admins can manage hub_states"",""Anyone can read hub_states""}\`",https://supabase.com/docs/guides/database/database-linter?lint=0006_multiple_permissive_policies,"{""name"":""hub_states"",""type"":""table"",""schema"":""public""}",multiple_permissive_policies_public_hub_states_cli_login_postgres_SELECT
multiple_permissive_policies,Multiple Permissive Policies,WARN,EXTERNAL,"[""PERFORMANCE""]",Detects if multiple permissive row level security policies are present on a table for the same \`role\` and \`action\` (e.g. insert). Multiple permissive policies are suboptimal for performance as each policy must be executed for every relevant query.,"Table \`public.hubs\` has multiple permissive policies for role \`cli_login_postgres\` for action \`SELECT\`. Policies include \`{""Admins can manage hubs"",""Anyone can read hubs""}\`",https://supabase.com/docs/guides/database/database-linter?lint=0006_multiple_permissive_policies,"{""name"":""hubs"",""type"":""table"",""schema"":""public""}",multiple_permissive_policies_public_hubs_cli_login_postgres_SELECT
multiple_permissive_policies,Multiple Permissive Policies,WARN,EXTERNAL,"[""PERFORMANCE""]",Detects if multiple permissive row level security policies are present on a table for the same \`role\` and \`action\` (e.g. insert). Multiple permissive policies are suboptimal for performance as each policy must be executed for every relevant query.,"Table \`public.mmp_files\` has multiple permissive policies for role \`cli_login_postgres\` for action \`SELECT\`. Policies include \`{""Allow read for all"",mmp_files_all_auth}\`",https://supabase.com/docs/guides/database/database-linter?lint=0006_multiple_permissive_policies,"{""name"":""mmp_files"",""type"":""table"",""schema"":""public""}",multiple_permissive_policies_public_mmp_files_cli_login_postgres_SELECT
multiple_permissive_policies,Multiple Permissive Policies,WARN,EXTERNAL,"[""PERFORMANCE""]",Detects if multiple permissive row level security policies are present on a table for the same \`role\` and \`action\` (e.g. insert). Multiple permissive policies are suboptimal for performance as each policy must be executed for every relevant query.,"Table \`public.mmp_site_entries\` has multiple permissive policies for role \`cli_login_postgres\` for action \`SELECT\`. Policies include \`{""Allow select mmp_site_entries for authenticated"",mmp_site_entries_select_authenticated}\`",https://supabase.com/docs/guides/database/database-linter?lint=0006_multiple_permissive_policies,"{""name"":""mmp_site_entries"",""type"":""table"",""schema"":""public""}",multiple_permissive_policies_public_mmp_site_entries_cli_login_postgres_SELECT
multiple_permissive_policies,Multiple Permissive Policies,WARN,EXTERNAL,"[""PERFORMANCE""]",Detects if multiple permissive row level security policies are present on a table for the same \`role\` and \`action\` (e.g. insert). Multiple permissive policies are suboptimal for performance as each policy must be executed for every relevant query.,"Table \`public.mmp_site_entries\` has multiple permissive policies for role \`cli_login_postgres\` for action \`UPDATE\`. Policies include \`{""Allow update mmp_site_entries for authenticated"",mmp_site_entries_update_authenticated}\`",https://supabase.com/docs/guides/database/database-linter?lint=0006_multiple_permissive_policies,"{""name"":""mmp_site_entries"",""type"":""table"",""schema"":""public""}",multiple_permissive_policies_public_mmp_site_entries_cli_login_postgres_UPDATE
multiple_permissive_policies,Multiple Permissive Policies,WARN,EXTERNAL,"[""PERFORMANCE""]",Detects if multiple permissive row level security policies are present on a table for the same \`role\` and \`action\` (e.g. insert). Multiple permissive policies are suboptimal for performance as each policy must be executed for every relevant query.,"Table \`public.notifications\` has multiple permissive policies for role \`cli_login_postgres\` for action \`DELETE\`. Policies include \`{""Users can delete own notifications"",""Users delete own notifications""}\`",https://supabase.com/docs/guides/database/database-linter?lint=0006_multiple_permissive_policies,"{""name"":""notifications"",""type"":""table"",""schema"":""public""}",multiple_permissive_policies_public_notifications_cli_login_postgres_DELETE
multiple_permissive_policies,Multiple Permissive Policies,WARN,EXTERNAL,"[""PERFORMANCE""]",Detects if multiple permissive row level security policies are present on a table for the same \`role\` and \`action\` (e.g. insert). Multiple permissive policies are suboptimal for performance as each policy must be executed for every relevant query.,"Table \`public.notifications\` has multiple permissive policies for role \`cli_login_postgres\` for action \`INSERT\`. Policies include \`{""Service can insert notifications"",""Service role inserts""}\`",https://supabase.com/docs/guides/database/database-linter?lint=0006_multiple_permissive_policies,"{""name"":""notifications"",""type"":""table"",""schema"":""public""}",multiple_permissive_policies_public_notifications_cli_login_postgres_INSERT
multiple_permissive_policies,Multiple Permissive Policies,WARN,EXTERNAL,"[""PERFORMANCE""]",Detects if multiple permissive row level security policies are present on a table for the same \`role\` and \`action\` (e.g. insert). Multiple permissive policies are suboptimal for performance as each policy must be executed for every relevant query.,"Table \`public.notifications\` has multiple permissive policies for role \`cli_login_postgres\` for action \`SELECT\`. Policies include \`{""Allow recipients to read their notifications"",""Users can read own notifications"",""Users view own notifications""}\`",https://supabase.com/docs/guides/database/database-linter?lint=0006_multiple_permissive_policies,"{""name"":""notifications"",""type"":""table"",""schema"":""public""}",multiple_permissive_policies_public_notifications_cli_login_postgres_SELECT
multiple_permissive_policies,Multiple Permissive Policies,WARN,EXTERNAL,"[""PERFORMANCE""]",Detects if multiple permissive row level security policies are present on a table for the same \`role\` and \`action\` (e.g. insert). Multiple permissive policies are suboptimal for performance as each policy must be executed for every relevant query.,"Table \`public.notifications\` has multiple permissive policies for role \`cli_login_postgres\` for action \`UPDATE\`. Policies include \`{""Users can update own notifications"",""Users update own notifications""}\`",https://supabase.com/docs/guides/database/database-linter?lint=0006_multiple_permissive_policies,"{""name"":""notifications"",""type"":""table"",""schema"":""public""}",multiple_permissive_policies_public_notifications_cli_login_postgres_UPDATE
multiple_permissive_policies,Multiple Permissive Policies,WARN,EXTERNAL,"[""PERFORMANCE""]",Detects if multiple permissive row level security policies are present on a table for the same \`role\` and \`action\` (e.g. insert). Multiple permissive policies are suboptimal for performance as each policy must be executed for every relevant query.,"Table \`public.payout_requests\` has multiple permissive policies for role \`cli_login_postgres\` for action \`SELECT\`. Policies include \`{""Users can view their own payout requests"",payout_select}\`",https://supabase.com/docs/guides/database/database-linter?lint=0006_multiple_permissive_policies,"{""name"":""payout_requests"",""type"":""table"",""schema"":""public""}",multiple_permissive_policies_public_payout_requests_cli_login_postgres_SELECT
multiple_permissive_policies,Multiple Permissive Policies,WARN,EXTERNAL,"[""PERFORMANCE""]",Detects if multiple permissive row level security policies are present on a table for the same \`role\` and \`action\` (e.g. insert). Multiple permissive policies are suboptimal for performance as each policy must be executed for every relevant query.,"Table \`public.permissions\` has multiple permissive policies for role \`cli_login_postgres\` for action \`SELECT\`. Policies include \`{permissions_modify_admin_only,permissions_select_all_auth}\`",https://supabase.com/docs/guides/database/database-linter?lint=0006_multiple_permissive_policies,"{""name"":""permissions"",""type"":""table"",""schema"":""public""}",multiple_permissive_policies_public_permissions_cli_login_postgres_SELECT
multiple_permissive_policies,Multiple Permissive Policies,WARN,EXTERNAL,"[""PERFORMANCE""]",Detects if multiple permissive row level security policies are present on a table for the same \`role\` and \`action\` (e.g. insert). Multiple permissive policies are suboptimal for performance as each policy must be executed for every relevant query.,"Table \`public.profiles\` has multiple permissive policies for role \`cli_login_postgres\` for action \`UPDATE\`. Policies include \`{profiles_admin_update,profiles_update_admin,profiles_update_admin_ict,profiles_update_own}\`",https://supabase.com/docs/guides/database/database-linter?lint=0006_multiple_permissive_policies,"{""name"":""profiles"",""type"":""table"",""schema"":""public""}",multiple_permissive_policies_public_profiles_cli_login_postgres_UPDATE
multiple_permissive_policies,Multiple Permissive Policies,WARN,EXTERNAL,"[""PERFORMANCE""]",Detects if multiple permissive row level security policies are present on a table for the same \`role\` and \`action\` (e.g. insert). Multiple permissive policies are suboptimal for performance as each policy must be executed for every relevant query.,"Table \`public.roles\` has multiple permissive policies for role \`cli_login_postgres\` for action \`SELECT\`. Policies include \`{roles_modify_admin_only,roles_select_all_auth}\`",https://supabase.com/docs/guides/database/database-linter?lint=0006_multiple_permissive_policies,"{""name"":""roles"",""type"":""table"",""schema"":""public""}",multiple_permissive_policies_public_roles_cli_login_postgres_SELECT
multiple_permissive_policies,Multiple Permissive Policies,WARN,EXTERNAL,"[""PERFORMANCE""]",Detects if multiple permissive row level security policies are present on a table for the same \`role\` and \`action\` (e.g. insert). Multiple permissive policies are suboptimal for performance as each policy must be executed for every relevant query.,"Table \`public.site_visit_cost_submissions\` has multiple permissive policies for role \`cli_login_postgres\` for action \`UPDATE\`. Policies include \`{""Admins can update submissions"",""Users can update own pending submissions""}\`",https://supabase.com/docs/guides/database/database-linter?lint=0006_multiple_permissive_policies,"{""name"":""site_visit_cost_submissions"",""type"":""table"",""schema"":""public""}",multiple_permissive_policies_public_site_visit_cost_submissions_cli_login_postgres_UPDATE
multiple_permissive_policies,Multiple Permissive Policies,WARN,EXTERNAL,"[""PERFORMANCE""]",Detects if multiple permissive row level security policies are present on a table for the same \`role\` and \`action\` (e.g. insert). Multiple permissive policies are suboptimal for performance as each policy must be executed for every relevant query.,"Table \`public.site_visit_costs\` has multiple permissive policies for role \`cli_login_postgres\` for action \`DELETE\`. Policies include \`{""Admins and supervisors can manage site visit costs"",""Supervisors can manage site visit costs""}\`",https://supabase.com/docs/guides/database/database-linter?lint=0006_multiple_permissive_policies,"{""name"":""site_visit_costs"",""type"":""table"",""schema"":""public""}",multiple_permissive_policies_public_site_visit_costs_cli_login_postgres_DELETE
multiple_permissive_policies,Multiple Permissive Policies,WARN,EXTERNAL,"[""PERFORMANCE""]",Detects if multiple permissive row level security policies are present on a table for the same \`role\` and \`action\` (e.g. insert). Multiple permissive policies are suboptimal for performance as each policy must be executed for every relevant query.,"Table \`public.site_visit_costs\` has multiple permissive policies for role \`cli_login_postgres\` for action \`INSERT\`. Policies include \`{""Admins and supervisors can manage site visit costs"",""Supervisors can manage site visit costs""}\`",https://supabase.com/docs/guides/database/database-linter?lint=0006_multiple_permissive_policies,"{""name"":""site_visit_costs"",""type"":""table"",""schema"":""public""}",multiple_permissive_policies_public_site_visit_costs_cli_login_postgres_INSERT
multiple_permissive_policies,Multiple Permissive Policies,WARN,EXTERNAL,"[""PERFORMANCE""]",Detects if multiple permissive row level security policies are present on a table for the same \`role\` and \`action\` (e.g. insert). Multiple permissive policies are suboptimal for performance as each policy must be executed for every relevant query.,"Table \`public.site_visit_costs\` has multiple permissive policies for role \`cli_login_postgres\` for action \`SELECT\`. Policies include \`{""Admins and supervisors can manage site visit costs"",""Supervisors can manage site visit costs"",""Users can view site visit costs"",""Users can view site visit costs for their assigned visits""}\`",https://supabase.com/docs/guides/database/database-linter?lint=0006_multiple_permissive_policies,"{""name"":""site_visit_costs"",""type"":""table"",""schema"":""public""}",multiple_permissive_policies_public_site_visit_costs_cli_login_postgres_SELECT
multiple_permissive_policies,Multiple Permissive Policies,WARN,EXTERNAL,"[""PERFORMANCE""]",Detects if multiple permissive row level security policies are present on a table for the same \`role\` and \`action\` (e.g. insert). Multiple permissive policies are suboptimal for performance as each policy must be executed for every relevant query.,"Table \`public.site_visit_costs\` has multiple permissive policies for role \`cli_login_postgres\` for action \`UPDATE\`. Policies include \`{""Admins and supervisors can manage site visit costs"",""Supervisors can manage site visit costs""}\`",https://supabase.com/docs/guides/database/database-linter?lint=0006_multiple_permissive_policies,"{""name"":""site_visit_costs"",""type"":""table"",""schema"":""public""}",multiple_permissive_policies_public_site_visit_costs_cli_login_postgres_UPDATE
multiple_permissive_policies,Multiple Permissive Policies,WARN,EXTERNAL,"[""PERFORMANCE""]",Detects if multiple permissive row level security policies are present on a table for the same \`role\` and \`action\` (e.g. insert). Multiple permissive policies are suboptimal for performance as each policy must be executed for every relevant query.,"Table \`public.sites_registry\` has multiple permissive policies for role \`cli_login_postgres\` for action \`SELECT\`. Policies include \`{""Admins can manage sites_registry"",""Anyone can read sites_registry""}\`",https://supabase.com/docs/guides/database/database-linter?lint=0006_multiple_permissive_policies,"{""name"":""sites_registry"",""type"":""table"",""schema"":""public""}",multiple_permissive_policies_public_sites_registry_cli_login_postgres_SELECT
multiple_permissive_policies,Multiple Permissive Policies,WARN,EXTERNAL,"[""PERFORMANCE""]",Detects if multiple permissive row level security policies are present on a table for the same \`role\` and \`action\` (e.g. insert). Multiple permissive policies are suboptimal for performance as each policy must be executed for every relevant query.,"Table \`public.super_admins\` has multiple permissive policies for role \`cli_login_postgres\` for action \`SELECT\`. Policies include \`{""Super admins can view all super_admins"",super_admins_manage,super_admins_select_all,super_admins_select_self,super_admins_view_admin,super_admins_view_own}\`",https://supabase.com/docs/guides/database/database-linter?lint=0006_multiple_permissive_policies,"{""name"":""super_admins"",""type"":""table"",""schema"":""public""}",multiple_permissive_policies_public_super_admins_cli_login_postgres_SELECT
multiple_permissive_policies,Multiple Permissive Policies,WARN,EXTERNAL,"[""PERFORMANCE""]",Detects if multiple permissive row level security policies are present on a table for the same \`role\` and \`action\` (e.g. insert). Multiple permissive policies are suboptimal for performance as each policy must be executed for every relevant query.,"Table \`public.user_classifications\` has multiple permissive policies for role \`cli_login_postgres\` for action \`SELECT\`. Policies include \`{""Admin manage user_classifications"",""Public read user_classifications""}\`",https://supabase.com/docs/guides/database/database-linter?lint=0006_multiple_permissive_policies,"{""name"":""user_classifications"",""type"":""table"",""schema"":""public""}",multiple_permissive_policies_public_user_classifications_cli_login_postgres_SELECT
multiple_permissive_policies,Multiple Permissive Policies,WARN,EXTERNAL,"[""PERFORMANCE""]",Detects if multiple permissive row level security policies are present on a table for the same \`role\` and \`action\` (e.g. insert). Multiple permissive policies are suboptimal for performance as each policy must be executed for every relevant query.,"Table \`public.user_roles\` has multiple permissive policies for role \`cli_login_postgres\` for action \`DELETE\`. Policies include \`{""Admins can manage user roles"",user_roles_modify_admin_ict}\`",https://supabase.com/docs/guides/database/database-linter?lint=0006_multiple_permissive_policies,"{""name"":""user_roles"",""type"":""table"",""schema"":""public""}",multiple_permissive_policies_public_user_roles_cli_login_postgres_DELETE
multiple_permissive_policies,Multiple Permissive Policies,WARN,EXTERNAL,"[""PERFORMANCE""]",Detects if multiple permissive row level security policies are present on a table for the same \`role\` and \`action\` (e.g. insert). Multiple permissive policies are suboptimal for performance as each policy must be executed for every relevant query.,"Table \`public.user_roles\` has multiple permissive policies for role \`cli_login_postgres\` for action \`INSERT\`. Policies include \`{""Admins can manage user roles"",user_roles_modify_admin_ict}\`",https://supabase.com/docs/guides/database/database-linter?lint=0006_multiple_permissive_policies,"{""name"":""user_roles"",""type"":""table"",""schema"":""public""}",multiple_permissive_policies_public_user_roles_cli_login_postgres_INSERT
multiple_permissive_policies,Multiple Permissive Policies,WARN,EXTERNAL,"[""PERFORMANCE""]",Detects if multiple permissive row level security policies are present on a table for the same \`role\` and \`action\` (e.g. insert). Multiple permissive policies are suboptimal for performance as each policy must be executed for every relevant query.,"Table \`public.user_roles\` has multiple permissive policies for role \`cli_login_postgres\` for action \`SELECT\`. Policies include \`{""Admins can manage user roles"",""Users can view their own roles"",user_roles_modify_admin_ict,user_roles_select_self_or_admin}\`",https://supabase.com/docs/guides/database/database-linter?lint=0006_multiple_permissive_policies,"{""name"":""user_roles"",""type"":""table"",""schema"":""public""}",multiple_permissive_policies_public_user_roles_cli_login_postgres_SELECT
multiple_permissive_policies,Multiple Permissive Policies,WARN,EXTERNAL,"[""PERFORMANCE""]",Detects if multiple permissive row level security policies are present on a table for the same \`role\` and \`action\` (e.g. insert). Multiple permissive policies are suboptimal for performance as each policy must be executed for every relevant query.,"Table \`public.user_roles\` has multiple permissive policies for role \`cli_login_postgres\` for action \`UPDATE\`. Policies include \`{""Admins can manage user roles"",user_roles_modify_admin_ict}\`",https://supabase.com/docs/guides/database/database-linter?lint=0006_multiple_permissive_policies,"{""name"":""user_roles"",""type"":""table"",""schema"":""public""}",multiple_permissive_policies_public_user_roles_cli_login_postgres_UPDATE
multiple_permissive_policies,Multiple Permissive Policies,WARN,EXTERNAL,"[""PERFORMANCE""]",Detects if multiple permissive row level security policies are present on a table for the same \`role\` and \`action\` (e.g. insert). Multiple permissive policies are suboptimal for performance as each policy must be executed for every relevant query.,"Table \`public.user_settings\` has multiple permissive policies for role \`cli_login_postgres\` for action \`DELETE\`. Policies include \`{user_settings_delete_own,user_settings_modify_own}\`",https://supabase.com/docs/guides/database/database-linter?lint=0006_multiple_permissive_policies,"{""name"":""user_settings"",""type"":""table"",""schema"":""public""}",multiple_permissive_policies_public_user_settings_cli_login_postgres_DELETE
multiple_permissive_policies,Multiple Permissive Policies,WARN,EXTERNAL,"[""PERFORMANCE""]",Detects if multiple permissive row level security policies are present on a table for the same \`role\` and \`action\` (e.g. insert). Multiple permissive policies are suboptimal for performance as each policy must be executed for every relevant query.,"Table \`public.user_settings\` has multiple permissive policies for role \`cli_login_postgres\` for action \`INSERT\`. Policies include \`{user_settings_insert_own,user_settings_modify_own}\`",https://supabase.com/docs/guides/database/database-linter?lint=0006_multiple_permissive_policies,"{""name"":""user_settings"",""type"":""table"",""schema"":""public""}",multiple_permissive_policies_public_user_settings_cli_login_postgres_INSERT
multiple_permissive_policies,Multiple Permissive Policies,WARN,EXTERNAL,"[""PERFORMANCE""]",Detects if multiple permissive row level security policies are present on a table for the same \`role\` and \`action\` (e.g. insert). Multiple permissive policies are suboptimal for performance as each policy must be executed for every relevant query.,"Table \`public.user_settings\` has multiple permissive policies for role \`cli_login_postgres\` for action \`SELECT\`. Policies include \`{user_settings_modify_own,user_settings_select_own}\`",https://supabase.com/docs/guides/database/database-linter?lint=0006_multiple_permissive_policies,"{""name"":""user_settings"",""type"":""table"",""schema"":""public""}",multiple_permissive_policies_public_user_settings_cli_login_postgres_SELECT
multiple_permissive_policies,Multiple Permissive Policies,WARN,EXTERNAL,"[""PERFORMANCE""]",Detects if multiple permissive row level security policies are present on a table for the same \`role\` and \`action\` (e.g. insert). Multiple permissive policies are suboptimal for performance as each policy must be executed for every relevant query.,"Table \`public.user_settings\` has multiple permissive policies for role \`cli_login_postgres\` for action \`UPDATE\`. Policies include \`{user_settings_modify_own,user_settings_update_own}\`",https://supabase.com/docs/guides/database/database-linter?lint=0006_multiple_permissive_policies,"{""name"":""user_settings"",""type"":""table"",""schema"":""public""}",multiple_permissive_policies_public_user_settings_cli_login_postgres_UPDATE
multiple_permissive_policies,Multiple Permissive Policies,WARN,EXTERNAL,"[""PERFORMANCE""]",Detects if multiple permissive row level security policies are present on a table for the same \`role\` and \`action\` (e.g. insert). Multiple permissive policies are suboptimal for performance as each policy must be executed for every relevant query.,"Table \`public.wallet_settings\` has multiple permissive policies for role \`cli_login_postgres\` for action \`DELETE\`. Policies include \`{""Users can manage their own wallet settings"",wallet_settings_delete_own,wallet_settings_modify_own}\`",https://supabase.com/docs/guides/database/database-linter?lint=0006_multiple_permissive_policies,"{""name"":""wallet_settings"",""type"":""table"",""schema"":""public""}",multiple_permissive_policies_public_wallet_settings_cli_login_postgres_DELETE
multiple_permissive_policies,Multiple Permissive Policies,WARN,EXTERNAL,"[""PERFORMANCE""]",Detects if multiple permissive row level security policies are present on a table for the same \`role\` and \`action\` (e.g. insert). Multiple permissive policies are suboptimal for performance as each policy must be executed for every relevant query.,"Table \`public.wallet_settings\` has multiple permissive policies for role \`cli_login_postgres\` for action \`INSERT\`. Policies include \`{""Users can manage their own wallet settings"",wallet_settings_insert_own,wallet_settings_modify_own}\`",https://supabase.com/docs/guides/database/database-linter?lint=0006_multiple_permissive_policies,"{""name"":""wallet_settings"",""type"":""table"",""schema"":""public""}",multiple_permissive_policies_public_wallet_settings_cli_login_postgres_INSERT
multiple_permissive_policies,Multiple Permissive Policies,WARN,EXTERNAL,"[""PERFORMANCE""]",Detects if multiple permissive row level security policies are present on a table for the same \`role\` and \`action\` (e.g. insert). Multiple permissive policies are suboptimal for performance as each policy must be executed for every relevant query.,"Table \`public.wallet_settings\` has multiple permissive policies for role \`cli_login_postgres\` for action \`SELECT\`. Policies include \`{""Users can manage their own wallet settings"",wallet_settings_modify_own,wallet_settings_select_own}\`",https://supabase.com/docs/guides/database/database-linter?lint=0006_multiple_permissive_policies,"{""name"":""wallet_settings"",""type"":""table"",""schema"":""public""}",multiple_permissive_policies_public_wallet_settings_cli_login_postgres_SELECT
multiple_permissive_policies,Multiple Permissive Policies,WARN,EXTERNAL,"[""PERFORMANCE""]",Detects if multiple permissive row level security policies are present on a table for the same \`role\` and \`action\` (e.g. insert). Multiple permissive policies are suboptimal for performance as each policy must be executed for every relevant query.,"Table \`public.wallet_settings\` has multiple permissive policies for role \`cli_login_postgres\` for action \`UPDATE\`. Policies include \`{""Users can manage their own wallet settings"",wallet_settings_modify_own,wallet_settings_update_own}\`",https://supabase.com/docs/guides/database/database-linter?lint=0006_multiple_permissive_policies,"{""name"":""wallet_settings"",""type"":""table"",""schema"":""public""}",multiple_permissive_policies_public_wallet_settings_cli_login_postgres_UPDATE
multiple_permissive_policies,Multiple Permissive Policies,WARN,EXTERNAL,"[""PERFORMANCE""]",Detects if multiple permissive row level security policies are present on a table for the same \`role\` and \`action\` (e.g. insert). Multiple permissive policies are suboptimal for performance as each policy must be executed for every relevant query.,"Table \`public.wallet_transactions\` has multiple permissive policies for role \`cli_login_postgres\` for action \`INSERT\`. Policies include \`{""Admins can manage all transactions"",""System can insert transactions""}\`",https://supabase.com/docs/guides/database/database-linter?lint=0006_multiple_permissive_policies,"{""name"":""wallet_transactions"",""type"":""table"",""schema"":""public""}",multiple_permissive_policies_public_wallet_transactions_cli_login_postgres_INSERT
multiple_permissive_policies,Multiple Permissive Policies,WARN,EXTERNAL,"[""PERFORMANCE""]",Detects if multiple permissive row level security policies are present on a table for the same \`role\` and \`action\` (e.g. insert). Multiple permissive policies are suboptimal for performance as each policy must be executed for every relevant query.,"Table \`public.wallet_transactions\` has multiple permissive policies for role \`cli_login_postgres\` for action \`SELECT\`. Policies include \`{""Admins can manage all transactions"",""Admins can view all transactions"",""Users can view their own transactions"",wallet_tx_select}\`",https://supabase.com/docs/guides/database/database-linter?lint=0006_multiple_permissive_policies,"{""name"":""wallet_transactions"",""type"":""table"",""schema"":""public""}",multiple_permissive_policies_public_wallet_transactions_cli_login_postgres_SELECT
multiple_permissive_policies,Multiple Permissive Policies,WARN,EXTERNAL,"[""PERFORMANCE""]",Detects if multiple permissive row level security policies are present on a table for the same \`role\` and \`action\` (e.g. insert). Multiple permissive policies are suboptimal for performance as each policy must be executed for every relevant query.,"Table \`public.wallet_transactions\` has multiple permissive policies for role \`cli_login_postgres\` for action \`UPDATE\`. Policies include \`{""Admins can manage all transactions"",""Admins can update transactions""}\`",https://supabase.com/docs/guides/database/database-linter?lint=0006_multiple_permissive_policies,"{""name"":""wallet_transactions"",""type"":""table"",""schema"":""public""}",multiple_permissive_policies_public_wallet_transactions_cli_login_postgres_UPDATE
multiple_permissive_policies,Multiple Permissive Policies,WARN,EXTERNAL,"[""PERFORMANCE""]",Detects if multiple permissive row level security policies are present on a table for the same \`role\` and \`action\` (e.g. insert). Multiple permissive policies are suboptimal for performance as each policy must be executed for every relevant query.,"Table \`public.wallets\` has multiple permissive policies for role \`cli_login_postgres\` for action \`INSERT\`. Policies include \`{""Admins can manage all wallets"",""Users can insert their own wallet""}\`",https://supabase.com/docs/guides/database/database-linter?lint=0006_multiple_permissive_policies,"{""name"":""wallets"",""type"":""table"",""schema"":""public""}",multiple_permissive_policies_public_wallets_cli_login_postgres_INSERT
multiple_permissive_policies,Multiple Permissive Policies,WARN,EXTERNAL,"[""PERFORMANCE""]",Detects if multiple permissive row level security policies are present on a table for the same \`role\` and \`action\` (e.g. insert). Multiple permissive policies are suboptimal for performance as each policy must be executed for every relevant query.,"Table \`public.wallets\` has multiple permissive policies for role \`cli_login_postgres\` for action \`SELECT\`. Policies include \`{""Admins can manage all wallets"",""Admins can view all wallets"",""Users can view their own wallet"",wallets_select}\`",https://supabase.com/docs/guides/database/database-linter?lint=0006_multiple_permissive_policies,"{""name"":""wallets"",""type"":""table"",""schema"":""public""}",multiple_permissive_policies_public_wallets_cli_login_postgres_SELECT
multiple_permissive_policies,Multiple Permissive Policies,WARN,EXTERNAL,"[""PERFORMANCE""]",Detects if multiple permissive row level security policies are present on a table for the same \`role\` and \`action\` (e.g. insert). Multiple permissive policies are suboptimal for performance as each policy must be executed for every relevant query.,"Table \`public.wallets\` has multiple permissive policies for role \`cli_login_postgres\` for action \`UPDATE\`. Policies include \`{""Admins can manage all wallets"",""Users can update their own wallet""}\`",https://supabase.com/docs/guides/database/database-linter?lint=0006_multiple_permissive_policies,"{""name"":""wallets"",""type"":""table"",""schema"":""public""}",multiple_permissive_policies_public_wallets_cli_login_postgres_UPDATE
multiple_permissive_policies,Multiple Permissive Policies,WARN,EXTERNAL,"[""PERFORMANCE""]",Detects if multiple permissive row level security policies are present on a table for the same \`role\` and \`action\` (e.g. insert). Multiple permissive policies are suboptimal for performance as each policy must be executed for every relevant query.,"Table \`public.withdrawal_requests\` has multiple permissive policies for role \`cli_login_postgres\` for action \`SELECT\`. Policies include \`{""Supervisors can view all withdrawal requests"",""Users can view their own withdrawal requests""}\`",https://supabase.com/docs/guides/database/database-linter?lint=0006_multiple_permissive_policies,"{""name"":""withdrawal_requests"",""type"":""table"",""schema"":""public""}",multiple_permissive_policies_public_withdrawal_requests_cli_login_postgres_SELECT
multiple_permissive_policies,Multiple Permissive Policies,WARN,EXTERNAL,"[""PERFORMANCE""]",Detects if multiple permissive row level security policies are present on a table for the same \`role\` and \`action\` (e.g. insert). Multiple permissive policies are suboptimal for performance as each policy must be executed for every relevant query.,"Table \`public.withdrawal_requests\` has multiple permissive policies for role \`cli_login_postgres\` for action \`UPDATE\`. Policies include \`{""Supervisors can approve/reject withdrawal requests"",""Users can update their own pending withdrawal requests""}\`",https://supabase.com/docs/guides/database/database-linter?lint=0006_multiple_permissive_policies,"{""name"":""withdrawal_requests"",""type"":""table"",""schema"":""public""}",multiple_permissive_policies_public_withdrawal_requests_cli_login_postgres_UPDATE
multiple_permissive_policies,Multiple Permissive Policies,WARN,EXTERNAL,"[""PERFORMANCE""]",Detects if multiple permissive row level security policies are present on a table for the same \`role\` and \`action\` (e.g. insert). Multiple permissive policies are suboptimal for performance as each policy must be executed for every relevant query.,"Table \`public.audit_logs\` has multiple permissive policies for role \`dashboard_user\` for action \`INSERT\`. Policies include \`{""Allow authenticated users to insert audit logs"",""System can insert audit logs""}\`",https://supabase.com/docs/guides/database/database-linter?lint=0006_multiple_permissive_policies,"{""name"":""audit_logs"",""type"":""table"",""schema"":""public""}",multiple_permissive_policies_public_audit_logs_dashboard_user_INSERT
multiple_permissive_policies,Multiple Permissive Policies,WARN,EXTERNAL,"[""PERFORMANCE""]",Detects if multiple permissive row level security policies are present on a table for the same \`role\` and \`action\` (e.g. insert). Multiple permissive policies are suboptimal for performance as each policy must be executed for every relevant query.,"Table \`public.audit_logs\` has multiple permissive policies for role \`dashboard_user\` for action \`SELECT\`. Policies include \`{""Admins can read audit logs"",""Allow authenticated users to read audit logs"",""Super admins can read audit logs""}\`",https://supabase.com/docs/guides/database/database-linter?lint=0006_multiple_permissive_policies,"{""name"":""audit_logs"",""type"":""table"",""schema"":""public""}",multiple_permissive_policies_public_audit_logs_dashboard_user_SELECT
multiple_permissive_policies,Multiple Permissive Policies,WARN,EXTERNAL,"[""PERFORMANCE""]",Detects if multiple permissive row level security policies are present on a table for the same \`role\` and \`action\` (e.g. insert). Multiple permissive policies are suboptimal for performance as each policy must be executed for every relevant query.,"Table \`public.chat_messages\` has multiple permissive policies for role \`dashboard_user\` for action \`INSERT\`. Policies include \`{""Users can insert messages in their chats"",chat_messages_insert_participant}\`",https://supabase.com/docs/guides/database/database-linter?lint=0006_multiple_permissive_policies,"{""name"":""chat_messages"",""type"":""table"",""schema"":""public""}",multiple_permissive_policies_public_chat_messages_dashboard_user_INSERT
multiple_permissive_policies,Multiple Permissive Policies,WARN,EXTERNAL,"[""PERFORMANCE""]",Detects if multiple permissive row level security policies are present on a table for the same \`role\` and \`action\` (e.g. insert). Multiple permissive policies are suboptimal for performance as each policy must be executed for every relevant query.,"Table \`public.chat_messages\` has multiple permissive policies for role \`dashboard_user\` for action \`SELECT\`. Policies include \`{""Users can view messages in their chats"",chat_messages_select_participant}\`",https://supabase.com/docs/guides/database/database-linter?lint=0006_multiple_permissive_policies,"{""name"":""chat_messages"",""type"":""table"",""schema"":""public""}",multiple_permissive_policies_public_chat_messages_dashboard_user_SELECT
multiple_permissive_policies,Multiple Permissive Policies,WARN,EXTERNAL,"[""PERFORMANCE""]",Detects if multiple permissive row level security policies are present on a table for the same \`role\` and \`action\` (e.g. insert). Multiple permissive policies are suboptimal for performance as each policy must be executed for every relevant query.,"Table \`public.chat_participants\` has multiple permissive policies for role \`dashboard_user\` for action \`DELETE\`. Policies include \`{""Users can manage their own chat participants"",chat_participants_delete_self_or_owner}\`",https://supabase.com/docs/guides/database/database-linter?lint=0006_multiple_permissive_policies,"{""name"":""chat_participants"",""type"":""table"",""schema"":""public""}",multiple_permissive_policies_public_chat_participants_dashboard_user_DELETE
multiple_permissive_policies,Multiple Permissive Policies,WARN,EXTERNAL,"[""PERFORMANCE""]",Detects if multiple permissive row level security policies are present on a table for the same \`role\` and \`action\` (e.g. insert). Multiple permissive policies are suboptimal for performance as each policy must be executed for every relevant query.,"Table \`public.chat_participants\` has multiple permissive policies for role \`dashboard_user\` for action \`INSERT\`. Policies include \`{""Users can manage their own chat participants"",chat_participants_insert_self_or_owner}\`",https://supabase.com/docs/guides/database/database-linter?lint=0006_multiple_permissive_policies,"{""name"":""chat_participants"",""type"":""table"",""schema"":""public""}",multiple_permissive_policies_public_chat_participants_dashboard_user_INSERT
multiple_permissive_policies,Multiple Permissive Policies,WARN,EXTERNAL,"[""PERFORMANCE""]",Detects if multiple permissive row level security policies are present on a table for the same \`role\` and \`action\` (e.g. insert). Multiple permissive policies are suboptimal for performance as each policy must be executed for every relevant query.,"Table \`public.chat_participants\` has multiple permissive policies for role \`dashboard_user\` for action \`SELECT\`. Policies include \`{""Users can manage their own chat participants"",chat_participants_select_in_same_chat,chat_participants_select_self}\`",https://supabase.com/docs/guides/database/database-linter?lint=0006_multiple_permissive_policies,"{""name"":""chat_participants"",""type"":""table"",""schema"":""public""}",multiple_permissive_policies_public_chat_participants_dashboard_user_SELECT
multiple_permissive_policies,Multiple Permissive Policies,WARN,EXTERNAL,"[""PERFORMANCE""]",Detects if multiple permissive row level security policies are present on a table for the same \`role\` and \`action\` (e.g. insert). Multiple permissive policies are suboptimal for performance as each policy must be executed for every relevant query.,"Table \`public.chats\` has multiple permissive policies for role \`dashboard_user\` for action \`SELECT\`. Policies include \`{chats_select_creator,chats_select_participant}\`",https://supabase.com/docs/guides/database/database-linter?lint=0006_multiple_permissive_policies,"{""name"":""chats"",""type"":""table"",""schema"":""public""}",multiple_permissive_policies_public_chats_dashboard_user_SELECT
multiple_permissive_policies,Multiple Permissive Policies,WARN,EXTERNAL,"[""PERFORMANCE""]",Detects if multiple permissive row level security policies are present on a table for the same \`role\` and \`action\` (e.g. insert). Multiple permissive policies are suboptimal for performance as each policy must be executed for every relevant query.,"Table \`public.classification_fee_structures\` has multiple permissive policies for role \`dashboard_user\` for action \`SELECT\`. Policies include \`{""Admin manage classification_fee_structures"",""Public read classification_fee_structures""}\`",https://supabase.com/docs/guides/database/database-linter?lint=0006_multiple_permissive_policies,"{""name"":""classification_fee_structures"",""type"":""table"",""schema"":""public""}",multiple_permissive_policies_public_classification_fee_structures_dashboard_user_SELECT
multiple_permissive_policies,Multiple Permissive Policies,WARN,EXTERNAL,"[""PERFORMANCE""]",Detects if multiple permissive row level security policies are present on a table for the same \`role\` and \`action\` (e.g. insert). Multiple permissive policies are suboptimal for performance as each policy must be executed for every relevant query.,"Table \`public.dashboard_settings\` has multiple permissive policies for role \`dashboard_user\` for action \`DELETE\`. Policies include \`{dashboard_settings_delete_own,dashboard_settings_modify_own}\`",https://supabase.com/docs/guides/database/database-linter?lint=0006_multiple_permissive_policies,"{""name"":""dashboard_settings"",""type"":""table"",""schema"":""public""}",multiple_permissive_policies_public_dashboard_settings_dashboard_user_DELETE
multiple_permissive_policies,Multiple Permissive Policies,WARN,EXTERNAL,"[""PERFORMANCE""]",Detects if multiple permissive row level security policies are present on a table for the same \`role\` and \`action\` (e.g. insert). Multiple permissive policies are suboptimal for performance as each policy must be executed for every relevant query.,"Table \`public.dashboard_settings\` has multiple permissive policies for role \`dashboard_user\` for action \`INSERT\`. Policies include \`{dashboard_settings_insert_own,dashboard_settings_modify_own}\`",https://supabase.com/docs/guides/database/database-linter?lint=0006_multiple_permissive_policies,"{""name"":""dashboard_settings"",""type"":""table"",""schema"":""public""}",multiple_permissive_policies_public_dashboard_settings_dashboard_user_INSERT
multiple_permissive_policies,Multiple Permissive Policies,WARN,EXTERNAL,"[""PERFORMANCE""]",Detects if multiple permissive row level security policies are present on a table for the same \`role\` and \`action\` (e.g. insert). Multiple permissive policies are suboptimal for performance as each policy must be executed for every relevant query.,"Table \`public.dashboard_settings\` has multiple permissive policies for role \`dashboard_user\` for action \`SELECT\`. Policies include \`{dashboard_settings_modify_own,dashboard_settings_select_own}\`",https://supabase.com/docs/guides/database/database-linter?lint=0006_multiple_permissive_policies,"{""name"":""dashboard_settings"",""type"":""table"",""schema"":""public""}",multiple_permissive_policies_public_dashboard_settings_dashboard_user_SELECT
multiple_permissive_policies,Multiple Permissive Policies,WARN,EXTERNAL,"[""PERFORMANCE""]",Detects if multiple permissive row level security policies are present on a table for the same \`role\` and \`action\` (e.g. insert). Multiple permissive policies are suboptimal for performance as each policy must be executed for every relevant query.,"Table \`public.dashboard_settings\` has multiple permissive policies for role \`dashboard_user\` for action \`UPDATE\`. Policies include \`{dashboard_settings_modify_own,dashboard_settings_update_own}\`",https://supabase.com/docs/guides/database/database-linter?lint=0006_multiple_permissive_policies,"{""name"":""dashboard_settings"",""type"":""table"",""schema"":""public""}",multiple_permissive_policies_public_dashboard_settings_dashboard_user_UPDATE
multiple_permissive_policies,Multiple Permissive Policies,WARN,EXTERNAL,"[""PERFORMANCE""]",Detects if multiple permissive row level security policies are present on a table for the same \`role\` and \`action\` (e.g. insert). Multiple permissive policies are suboptimal for performance as each policy must be executed for every relevant query.,"Table \`public.data_visibility_settings\` has multiple permissive policies for role \`dashboard_user\` for action \`DELETE\`. Policies include \`{data_visibility_settings_delete_own,data_visibility_settings_modify_own}\`",https://supabase.com/docs/guides/database/database-linter?lint=0006_multiple_permissive_policies,"{""name"":""data_visibility_settings"",""type"":""table"",""schema"":""public""}",multiple_permissive_policies_public_data_visibility_settings_dashboard_user_DELETE
multiple_permissive_policies,Multiple Permissive Policies,WARN,EXTERNAL,"[""PERFORMANCE""]",Detects if multiple permissive row level security policies are present on a table for the same \`role\` and \`action\` (e.g. insert). Multiple permissive policies are suboptimal for performance as each policy must be executed for every relevant query.,"Table \`public.data_visibility_settings\` has multiple permissive policies for role \`dashboard_user\` for action \`INSERT\`. Policies include \`{data_visibility_settings_insert_own,data_visibility_settings_modify_own}\`",https://supabase.com/docs/guides/database/database-linter?lint=0006_multiple_permissive_policies,"{""name"":""data_visibility_settings"",""type"":""table"",""schema"":""public""}",multiple_permissive_policies_public_data_visibility_settings_dashboard_user_INSERT
multiple_permissive_policies,Multiple Permissive Policies,WARN,EXTERNAL,"[""PERFORMANCE""]",Detects if multiple permissive row level security policies are present on a table for the same \`role\` and \`action\` (e.g. insert). Multiple permissive policies are suboptimal for performance as each policy must be executed for every relevant query.,"Table \`public.data_visibility_settings\` has multiple permissive policies for role \`dashboard_user\` for action \`SELECT\`. Policies include \`{data_visibility_settings_modify_own,data_visibility_settings_select_own}\`",https://supabase.com/docs/guides/database/database-linter?lint=0006_multiple_permissive_policies,"{""name"":""data_visibility_settings"",""type"":""table"",""schema"":""public""}",multiple_permissive_policies_public_data_visibility_settings_dashboard_user_SELECT
multiple_permissive_policies,Multiple Permissive Policies,WARN,EXTERNAL,"[""PERFORMANCE""]",Detects if multiple permissive row level security policies are present on a table for the same \`role\` and \`action\` (e.g. insert). Multiple permissive policies are suboptimal for performance as each policy must be executed for every relevant query.,"Table \`public.data_visibility_settings\` has multiple permissive policies for role \`dashboard_user\` for action \`UPDATE\`. Policies include \`{data_visibility_settings_modify_own,data_visibility_settings_update_own}\`",https://supabase.com/docs/guides/database/database-linter?lint=0006_multiple_permissive_policies,"{""name"":""data_visibility_settings"",""type"":""table"",""schema"":""public""}",multiple_permissive_policies_public_data_visibility_settings_dashboard_user_UPDATE
multiple_permissive_policies,Multiple Permissive Policies,WARN,EXTERNAL,"[""PERFORMANCE""]",Detects if multiple permissive row level security policies are present on a table for the same \`role\` and \`action\` (e.g. insert). Multiple permissive policies are suboptimal for performance as each policy must be executed for every relevant query.,"Table \`public.down_payment_requests\` has multiple permissive policies for role \`dashboard_user\` for action \`INSERT\`. Policies include \`{down_payment_requests_admin_all,down_payment_requests_user_create}\`",https://supabase.com/docs/guides/database/database-linter?lint=0006_multiple_permissive_policies,"{""name"":""down_payment_requests"",""type"":""table"",""schema"":""public""}",multiple_permissive_policies_public_down_payment_requests_dashboard_user_INSERT
multiple_permissive_policies,Multiple Permissive Policies,WARN,EXTERNAL,"[""PERFORMANCE""]",Detects if multiple permissive row level security policies are present on a table for the same \`role\` and \`action\` (e.g. insert). Multiple permissive policies are suboptimal for performance as each policy must be executed for every relevant query.,"Table \`public.down_payment_requests\` has multiple permissive policies for role \`dashboard_user\` for action \`SELECT\`. Policies include \`{down_payment_requests_admin_all,down_payment_requests_supervisor_view,down_payment_requests_user_view}\`",https://supabase.com/docs/guides/database/database-linter?lint=0006_multiple_permissive_policies,"{""name"":""down_payment_requests"",""type"":""table"",""schema"":""public""}",multiple_permissive_policies_public_down_payment_requests_dashboard_user_SELECT
multiple_permissive_policies,Multiple Permissive Policies,WARN,EXTERNAL,"[""PERFORMANCE""]",Detects if multiple permissive row level security policies are present on a table for the same \`role\` and \`action\` (e.g. insert). Multiple permissive policies are suboptimal for performance as each policy must be executed for every relevant query.,"Table \`public.down_payment_requests\` has multiple permissive policies for role \`dashboard_user\` for action \`UPDATE\`. Policies include \`{down_payment_requests_admin_all,down_payment_requests_supervisor_update}\`",https://supabase.com/docs/guides/database/database-linter?lint=0006_multiple_permissive_policies,"{""name"":""down_payment_requests"",""type"":""table"",""schema"":""public""}",multiple_permissive_policies_public_down_payment_requests_dashboard_user_UPDATE
multiple_permissive_policies,Multiple Permissive Policies,WARN,EXTERNAL,"[""PERFORMANCE""]",Detects if multiple permissive row level security policies are present on a table for the same \`role\` and \`action\` (e.g. insert). Multiple permissive policies are suboptimal for performance as each policy must be executed for every relevant query.,"Table \`public.feedback\` has multiple permissive policies for role \`dashboard_user\` for action \`SELECT\`. Policies include \`{feedback_select_admin,feedback_select_own}\`",https://supabase.com/docs/guides/database/database-linter?lint=0006_multiple_permissive_policies,"{""name"":""feedback"",""type"":""table"",""schema"":""public""}",multiple_permissive_policies_public_feedback_dashboard_user_SELECT
multiple_permissive_policies,Multiple Permissive Policies,WARN,EXTERNAL,"[""PERFORMANCE""]",Detects if multiple permissive row level security policies are present on a table for the same \`role\` and \`action\` (e.g. insert). Multiple permissive policies are suboptimal for performance as each policy must be executed for every relevant query.,"Table \`public.hub_states\` has multiple permissive policies for role \`dashboard_user\` for action \`SELECT\`. Policies include \`{""Admins can manage hub_states"",""Anyone can read hub_states""}\`",https://supabase.com/docs/guides/database/database-linter?lint=0006_multiple_permissive_policies,"{""name"":""hub_states"",""type"":""table"",""schema"":""public""}",multiple_permissive_policies_public_hub_states_dashboard_user_SELECT
multiple_permissive_policies,Multiple Permissive Policies,WARN,EXTERNAL,"[""PERFORMANCE""]",Detects if multiple permissive row level security policies are present on a table for the same \`role\` and \`action\` (e.g. insert). Multiple permissive policies are suboptimal for performance as each policy must be executed for every relevant query.,"Table \`public.hubs\` has multiple permissive policies for role \`dashboard_user\` for action \`SELECT\`. Policies include \`{""Admins can manage hubs"",""Anyone can read hubs""}\`",https://supabase.com/docs/guides/database/database-linter?lint=0006_multiple_permissive_policies,"{""name"":""hubs"",""type"":""table"",""schema"":""public""}",multiple_permissive_policies_public_hubs_dashboard_user_SELECT
multiple_permissive_policies,Multiple Permissive Policies,WARN,EXTERNAL,"[""PERFORMANCE""]",Detects if multiple permissive row level security policies are present on a table for the same \`role\` and \`action\` (e.g. insert). Multiple permissive policies are suboptimal for performance as each policy must be executed for every relevant query.,"Table \`public.mmp_files\` has multiple permissive policies for role \`dashboard_user\` for action \`SELECT\`. Policies include \`{""Allow read for all"",mmp_files_all_auth}\`",https://supabase.com/docs/guides/database/database-linter?lint=0006_multiple_permissive_policies,"{""name"":""mmp_files"",""type"":""table"",""schema"":""public""}",multiple_permissive_policies_public_mmp_files_dashboard_user_SELECT
multiple_permissive_policies,Multiple Permissive Policies,WARN,EXTERNAL,"[""PERFORMANCE""]",Detects if multiple permissive row level security policies are present on a table for the same \`role\` and \`action\` (e.g. insert). Multiple permissive policies are suboptimal for performance as each policy must be executed for every relevant query.,"Table \`public.mmp_site_entries\` has multiple permissive policies for role \`dashboard_user\` for action \`SELECT\`. Policies include \`{""Allow select mmp_site_entries for authenticated"",mmp_site_entries_select_authenticated}\`",https://supabase.com/docs/guides/database/database-linter?lint=0006_multiple_permissive_policies,"{""name"":""mmp_site_entries"",""type"":""table"",""schema"":""public""}",multiple_permissive_policies_public_mmp_site_entries_dashboard_user_SELECT
multiple_permissive_policies,Multiple Permissive Policies,WARN,EXTERNAL,"[""PERFORMANCE""]",Detects if multiple permissive row level security policies are present on a table for the same \`role\` and \`action\` (e.g. insert). Multiple permissive policies are suboptimal for performance as each policy must be executed for every relevant query.,"Table \`public.mmp_site_entries\` has multiple permissive policies for role \`dashboard_user\` for action \`UPDATE\`. Policies include \`{""Allow update mmp_site_entries for authenticated"",mmp_site_entries_update_authenticated}\`",https://supabase.com/docs/guides/database/database-linter?lint=0006_multiple_permissive_policies,"{""name"":""mmp_site_entries"",""type"":""table"",""schema"":""public""}",multiple_permissive_policies_public_mmp_site_entries_dashboard_user_UPDATE
multiple_permissive_policies,Multiple Permissive Policies,WARN,EXTERNAL,"[""PERFORMANCE""]",Detects if multiple permissive row level security policies are present on a table for the same \`role\` and \`action\` (e.g. insert). Multiple permissive policies are suboptimal for performance as each policy must be executed for every relevant query.,"Table \`public.notifications\` has multiple permissive policies for role \`dashboard_user\` for action \`DELETE\`. Policies include \`{""Users can delete own notifications"",""Users delete own notifications""}\`",https://supabase.com/docs/guides/database/database-linter?lint=0006_multiple_permissive_policies,"{""name"":""notifications"",""type"":""table"",""schema"":""public""}",multiple_permissive_policies_public_notifications_dashboard_user_DELETE
multiple_permissive_policies,Multiple Permissive Policies,WARN,EXTERNAL,"[""PERFORMANCE""]",Detects if multiple permissive row level security policies are present on a table for the same \`role\` and \`action\` (e.g. insert). Multiple permissive policies are suboptimal for performance as each policy must be executed for every relevant query.,"Table \`public.notifications\` has multiple permissive policies for role \`dashboard_user\` for action \`INSERT\`. Policies include \`{""Service can insert notifications"",""Service role inserts""}\`",https://supabase.com/docs/guides/database/database-linter?lint=0006_multiple_permissive_policies,"{""name"":""notifications"",""type"":""table"",""schema"":""public""}",multiple_permissive_policies_public_notifications_dashboard_user_INSERT
multiple_permissive_policies,Multiple Permissive Policies,WARN,EXTERNAL,"[""PERFORMANCE""]",Detects if multiple permissive row level security policies are present on a table for the same \`role\` and \`action\` (e.g. insert). Multiple permissive policies are suboptimal for performance as each policy must be executed for every relevant query.,"Table \`public.notifications\` has multiple permissive policies for role \`dashboard_user\` for action \`SELECT\`. Policies include \`{""Allow recipients to read their notifications"",""Users can read own notifications"",""Users view own notifications""}\`",https://supabase.com/docs/guides/database/database-linter?lint=0006_multiple_permissive_policies,"{""name"":""notifications"",""type"":""table"",""schema"":""public""}",multiple_permissive_policies_public_notifications_dashboard_user_SELECT
multiple_permissive_policies,Multiple Permissive Policies,WARN,EXTERNAL,"[""PERFORMANCE""]",Detects if multiple permissive row level security policies are present on a table for the same \`role\` and \`action\` (e.g. insert). Multiple permissive policies are suboptimal for performance as each policy must be executed for every relevant query.,"Table \`public.notifications\` has multiple permissive policies for role \`dashboard_user\` for action \`UPDATE\`. Policies include \`{""Users can update own notifications"",""Users update own notifications""}\`",https://supabase.com/docs/guides/database/database-linter?lint=0006_multiple_permissive_policies,"{""name"":""notifications"",""type"":""table"",""schema"":""public""}",multiple_permissive_policies_public_notifications_dashboard_user_UPDATE
multiple_permissive_policies,Multiple Permissive Policies,WARN,EXTERNAL,"[""PERFORMANCE""]",Detects if multiple permissive row level security policies are present on a table for the same \`role\` and \`action\` (e.g. insert). Multiple permissive policies are suboptimal for performance as each policy must be executed for every relevant query.,"Table \`public.payout_requests\` has multiple permissive policies for role \`dashboard_user\` for action \`SELECT\`. Policies include \`{""Users can view their own payout requests"",payout_select}\`",https://supabase.com/docs/guides/database/database-linter?lint=0006_multiple_permissive_policies,"{""name"":""payout_requests"",""type"":""table"",""schema"":""public""}",multiple_permissive_policies_public_payout_requests_dashboard_user_SELECT
multiple_permissive_policies,Multiple Permissive Policies,WARN,EXTERNAL,"[""PERFORMANCE""]",Detects if multiple permissive row level security policies are present on a table for the same \`role\` and \`action\` (e.g. insert). Multiple permissive policies are suboptimal for performance as each policy must be executed for every relevant query.,"Table \`public.permissions\` has multiple permissive policies for role \`dashboard_user\` for action \`SELECT\`. Policies include \`{permissions_modify_admin_only,permissions_select_all_auth}\`",https://supabase.com/docs/guides/database/database-linter?lint=0006_multiple_permissive_policies,"{""name"":""permissions"",""type"":""table"",""schema"":""public""}",multiple_permissive_policies_public_permissions_dashboard_user_SELECT
multiple_permissive_policies,Multiple Permissive Policies,WARN,EXTERNAL,"[""PERFORMANCE""]",Detects if multiple permissive row level security policies are present on a table for the same \`role\` and \`action\` (e.g. insert). Multiple permissive policies are suboptimal for performance as each policy must be executed for every relevant query.,"Table \`public.profiles\` has multiple permissive policies for role \`dashboard_user\` for action \`UPDATE\`. Policies include \`{profiles_admin_update,profiles_update_admin,profiles_update_admin_ict,profiles_update_own}\`",https://supabase.com/docs/guides/database/database-linter?lint=0006_multiple_permissive_policies,"{""name"":""profiles"",""type"":""table"",""schema"":""public""}",multiple_permissive_policies_public_profiles_dashboard_user_UPDATE
multiple_permissive_policies,Multiple Permissive Policies,WARN,EXTERNAL,"[""PERFORMANCE""]",Detects if multiple permissive row level security policies are present on a table for the same \`role\` and \`action\` (e.g. insert). Multiple permissive policies are suboptimal for performance as each policy must be executed for every relevant query.,"Table \`public.roles\` has multiple permissive policies for role \`dashboard_user\` for action \`SELECT\`. Policies include \`{roles_modify_admin_only,roles_select_all_auth}\`",https://supabase.com/docs/guides/database/database-linter?lint=0006_multiple_permissive_policies,"{""name"":""roles"",""type"":""table"",""schema"":""public""}",multiple_permissive_policies_public_roles_dashboard_user_SELECT
multiple_permissive_policies,Multiple Permissive Policies,WARN,EXTERNAL,"[""PERFORMANCE""]",Detects if multiple permissive row level security policies are present on a table for the same \`role\` and \`action\` (e.g. insert). Multiple permissive policies are suboptimal for performance as each policy must be executed for every relevant query.,"Table \`public.site_visit_cost_submissions\` has multiple permissive policies for role \`dashboard_user\` for action \`UPDATE\`. Policies include \`{""Admins can update submissions"",""Users can update own pending submissions""}\`",https://supabase.com/docs/guides/database/database-linter?lint=0006_multiple_permissive_policies,"{""name"":""site_visit_cost_submissions"",""type"":""table"",""schema"":""public""}",multiple_permissive_policies_public_site_visit_cost_submissions_dashboard_user_UPDATE
multiple_permissive_policies,Multiple Permissive Policies,WARN,EXTERNAL,"[""PERFORMANCE""]",Detects if multiple permissive row level security policies are present on a table for the same \`role\` and \`action\` (e.g. insert). Multiple permissive policies are suboptimal for performance as each policy must be executed for every relevant query.,"Table \`public.site_visit_costs\` has multiple permissive policies for role \`dashboard_user\` for action \`DELETE\`. Policies include \`{""Admins and supervisors can manage site visit costs"",""Supervisors can manage site visit costs""}\`",https://supabase.com/docs/guides/database/database-linter?lint=0006_multiple_permissive_policies,"{""name"":""site_visit_costs"",""type"":""table"",""schema"":""public""}",multiple_permissive_policies_public_site_visit_costs_dashboard_user_DELETE
multiple_permissive_policies,Multiple Permissive Policies,WARN,EXTERNAL,"[""PERFORMANCE""]",Detects if multiple permissive row level security policies are present on a table for the same \`role\` and \`action\` (e.g. insert). Multiple permissive policies are suboptimal for performance as each policy must be executed for every relevant query.,"Table \`public.site_visit_costs\` has multiple permissive policies for role \`dashboard_user\` for action \`INSERT\`. Policies include \`{""Admins and supervisors can manage site visit costs"",""Supervisors can manage site visit costs""}\`",https://supabase.com/docs/guides/database/database-linter?lint=0006_multiple_permissive_policies,"{""name"":""site_visit_costs"",""type"":""table"",""schema"":""public""}",multiple_permissive_policies_public_site_visit_costs_dashboard_user_INSERT
multiple_permissive_policies,Multiple Permissive Policies,WARN,EXTERNAL,"[""PERFORMANCE""]",Detects if multiple permissive row level security policies are present on a table for the same \`role\` and \`action\` (e.g. insert). Multiple permissive policies are suboptimal for performance as each policy must be executed for every relevant query.,"Table \`public.site_visit_costs\` has multiple permissive policies for role \`dashboard_user\` for action \`SELECT\`. Policies include \`{""Admins and supervisors can manage site visit costs"",""Supervisors can manage site visit costs"",""Users can view site visit costs"",""Users can view site visit costs for their assigned visits""}\`",https://supabase.com/docs/guides/database/database-linter?lint=0006_multiple_permissive_policies,"{""name"":""site_visit_costs"",""type"":""table"",""schema"":""public""}",multiple_permissive_policies_public_site_visit_costs_dashboard_user_SELECT
multiple_permissive_policies,Multiple Permissive Policies,WARN,EXTERNAL,"[""PERFORMANCE""]",Detects if multiple permissive row level security policies are present on a table for the same \`role\` and \`action\` (e.g. insert). Multiple permissive policies are suboptimal for performance as each policy must be executed for every relevant query.,"Table \`public.site_visit_costs\` has multiple permissive policies for role \`dashboard_user\` for action \`UPDATE\`. Policies include \`{""Admins and supervisors can manage site visit costs"",""Supervisors can manage site visit costs""}\`",https://supabase.com/docs/guides/database/database-linter?lint=0006_multiple_permissive_policies,"{""name"":""site_visit_costs"",""type"":""table"",""schema"":""public""}",multiple_permissive_policies_public_site_visit_costs_dashboard_user_UPDATE
multiple_permissive_policies,Multiple Permissive Policies,WARN,EXTERNAL,"[""PERFORMANCE""]",Detects if multiple permissive row level security policies are present on a table for the same \`role\` and \`action\` (e.g. insert). Multiple permissive policies are suboptimal for performance as each policy must be executed for every relevant query.,"Table \`public.sites_registry\` has multiple permissive policies for role \`dashboard_user\` for action \`SELECT\`. Policies include \`{""Admins can manage sites_registry"",""Anyone can read sites_registry""}\`",https://supabase.com/docs/guides/database/database-linter?lint=0006_multiple_permissive_policies,"{""name"":""sites_registry"",""type"":""table"",""schema"":""public""}",multiple_permissive_policies_public_sites_registry_dashboard_user_SELECT
multiple_permissive_policies,Multiple Permissive Policies,WARN,EXTERNAL,"[""PERFORMANCE""]",Detects if multiple permissive row level security policies are present on a table for the same \`role\` and \`action\` (e.g. insert). Multiple permissive policies are suboptimal for performance as each policy must be executed for every relevant query.,"Table \`public.super_admins\` has multiple permissive policies for role \`dashboard_user\` for action \`SELECT\`. Policies include \`{""Super admins can view all super_admins"",super_admins_manage,super_admins_select_all,super_admins_select_self,super_admins_view_admin,super_admins_view_own}\`",https://supabase.com/docs/guides/database/database-linter?lint=0006_multiple_permissive_policies,"{""name"":""super_admins"",""type"":""table"",""schema"":""public""}",multiple_permissive_policies_public_super_admins_dashboard_user_SELECT
multiple_permissive_policies,Multiple Permissive Policies,WARN,EXTERNAL,"[""PERFORMANCE""]",Detects if multiple permissive row level security policies are present on a table for the same \`role\` and \`action\` (e.g. insert). Multiple permissive policies are suboptimal for performance as each policy must be executed for every relevant query.,"Table \`public.user_classifications\` has multiple permissive policies for role \`dashboard_user\` for action \`SELECT\`. Policies include \`{""Admin manage user_classifications"",""Public read user_classifications""}\`",https://supabase.com/docs/guides/database/database-linter?lint=0006_multiple_permissive_policies,"{""name"":""user_classifications"",""type"":""table"",""schema"":""public""}",multiple_permissive_policies_public_user_classifications_dashboard_user_SELECT
multiple_permissive_policies,Multiple Permissive Policies,WARN,EXTERNAL,"[""PERFORMANCE""]",Detects if multiple permissive row level security policies are present on a table for the same \`role\` and \`action\` (e.g. insert). Multiple permissive policies are suboptimal for performance as each policy must be executed for every relevant query.,"Table \`public.user_roles\` has multiple permissive policies for role \`dashboard_user\` for action \`DELETE\`. Policies include \`{""Admins can manage user roles"",user_roles_modify_admin_ict}\`",https://supabase.com/docs/guides/database/database-linter?lint=0006_multiple_permissive_policies,"{""name"":""user_roles"",""type"":""table"",""schema"":""public""}",multiple_permissive_policies_public_user_roles_dashboard_user_DELETE
multiple_permissive_policies,Multiple Permissive Policies,WARN,EXTERNAL,"[""PERFORMANCE""]",Detects if multiple permissive row level security policies are present on a table for the same \`role\` and \`action\` (e.g. insert). Multiple permissive policies are suboptimal for performance as each policy must be executed for every relevant query.,"Table \`public.user_roles\` has multiple permissive policies for role \`dashboard_user\` for action \`INSERT\`. Policies include \`{""Admins can manage user roles"",user_roles_modify_admin_ict}\`",https://supabase.com/docs/guides/database/database-linter?lint=0006_multiple_permissive_policies,"{""name"":""user_roles"",""type"":""table"",""schema"":""public""}",multiple_permissive_policies_public_user_roles_dashboard_user_INSERT
multiple_permissive_policies,Multiple Permissive Policies,WARN,EXTERNAL,"[""PERFORMANCE""]",Detects if multiple permissive row level security policies are present on a table for the same \`role\` and \`action\` (e.g. insert). Multiple permissive policies are suboptimal for performance as each policy must be executed for every relevant query.,"Table \`public.user_roles\` has multiple permissive policies for role \`dashboard_user\` for action \`SELECT\`. Policies include \`{""Admins can manage user roles"",""Users can view their own roles"",user_roles_modify_admin_ict,user_roles_select_self_or_admin}\`",https://supabase.com/docs/guides/database/database-linter?lint=0006_multiple_permissive_policies,"{""name"":""user_roles"",""type"":""table"",""schema"":""public""}",multiple_permissive_policies_public_user_roles_dashboard_user_SELECT
multiple_permissive_policies,Multiple Permissive Policies,WARN,EXTERNAL,"[""PERFORMANCE""]",Detects if multiple permissive row level security policies are present on a table for the same \`role\` and \`action\` (e.g. insert). Multiple permissive policies are suboptimal for performance as each policy must be executed for every relevant query.,"Table \`public.user_roles\` has multiple permissive policies for role \`dashboard_user\` for action \`UPDATE\`. Policies include \`{""Admins can manage user roles"",user_roles_modify_admin_ict}\`",https://supabase.com/docs/guides/database/database-linter?lint=0006_multiple_permissive_policies,"{""name"":""user_roles"",""type"":""table"",""schema"":""public""}",multiple_permissive_policies_public_user_roles_dashboard_user_UPDATE
multiple_permissive_policies,Multiple Permissive Policies,WARN,EXTERNAL,"[""PERFORMANCE""]",Detects if multiple permissive row level security policies are present on a table for the same \`role\` and \`action\` (e.g. insert). Multiple permissive policies are suboptimal for performance as each policy must be executed for every relevant query.,"Table \`public.user_settings\` has multiple permissive policies for role \`dashboard_user\` for action \`DELETE\`. Policies include \`{user_settings_delete_own,user_settings_modify_own}\`",https://supabase.com/docs/guides/database/database-linter?lint=0006_multiple_permissive_policies,"{""name"":""user_settings"",""type"":""table"",""schema"":""public""}",multiple_permissive_policies_public_user_settings_dashboard_user_DELETE
multiple_permissive_policies,Multiple Permissive Policies,WARN,EXTERNAL,"[""PERFORMANCE""]",Detects if multiple permissive row level security policies are present on a table for the same \`role\` and \`action\` (e.g. insert). Multiple permissive policies are suboptimal for performance as each policy must be executed for every relevant query.,"Table \`public.user_settings\` has multiple permissive policies for role \`dashboard_user\` for action \`INSERT\`. Policies include \`{user_settings_insert_own,user_settings_modify_own}\`",https://supabase.com/docs/guides/database/database-linter?lint=0006_multiple_permissive_policies,"{""name"":""user_settings"",""type"":""table"",""schema"":""public""}",multiple_permissive_policies_public_user_settings_dashboard_user_INSERT
multiple_permissive_policies,Multiple Permissive Policies,WARN,EXTERNAL,"[""PERFORMANCE""]",Detects if multiple permissive row level security policies are present on a table for the same \`role\` and \`action\` (e.g. insert). Multiple permissive policies are suboptimal for performance as each policy must be executed for every relevant query.,"Table \`public.user_settings\` has multiple permissive policies for role \`dashboard_user\` for action \`SELECT\`. Policies include \`{user_settings_modify_own,user_settings_select_own}\`",https://supabase.com/docs/guides/database/database-linter?lint=0006_multiple_permissive_policies,"{""name"":""user_settings"",""type"":""table"",""schema"":""public""}",multiple_permissive_policies_public_user_settings_dashboard_user_SELECT
multiple_permissive_policies,Multiple Permissive Policies,WARN,EXTERNAL,"[""PERFORMANCE""]",Detects if multiple permissive row level security policies are present on a table for the same \`role\` and \`action\` (e.g. insert). Multiple permissive policies are suboptimal for performance as each policy must be executed for every relevant query.,"Table \`public.user_settings\` has multiple permissive policies for role \`dashboard_user\` for action \`UPDATE\`. Policies include \`{user_settings_modify_own,user_settings_update_own}\`",https://supabase.com/docs/guides/database/database-linter?lint=0006_multiple_permissive_policies,"{""name"":""user_settings"",""type"":""table"",""schema"":""public""}",multiple_permissive_policies_public_user_settings_dashboard_user_UPDATE
multiple_permissive_policies,Multiple Permissive Policies,WARN,EXTERNAL,"[""PERFORMANCE""]",Detects if multiple permissive row level security policies are present on a table for the same \`role\` and \`action\` (e.g. insert). Multiple permissive policies are suboptimal for performance as each policy must be executed for every relevant query.,"Table \`public.wallet_settings\` has multiple permissive policies for role \`dashboard_user\` for action \`DELETE\`. Policies include \`{""Users can manage their own wallet settings"",wallet_settings_delete_own,wallet_settings_modify_own}\`",https://supabase.com/docs/guides/database/database-linter?lint=0006_multiple_permissive_policies,"{""name"":""wallet_settings"",""type"":""table"",""schema"":""public""}",multiple_permissive_policies_public_wallet_settings_dashboard_user_DELETE
multiple_permissive_policies,Multiple Permissive Policies,WARN,EXTERNAL,"[""PERFORMANCE""]",Detects if multiple permissive row level security policies are present on a table for the same \`role\` and \`action\` (e.g. insert). Multiple permissive policies are suboptimal for performance as each policy must be executed for every relevant query.,"Table \`public.wallet_settings\` has multiple permissive policies for role \`dashboard_user\` for action \`INSERT\`. Policies include \`{""Users can manage their own wallet settings"",wallet_settings_insert_own,wallet_settings_modify_own}\`",https://supabase.com/docs/guides/database/database-linter?lint=0006_multiple_permissive_policies,"{""name"":""wallet_settings"",""type"":""table"",""schema"":""public""}",multiple_permissive_policies_public_wallet_settings_dashboard_user_INSERT
multiple_permissive_policies,Multiple Permissive Policies,WARN,EXTERNAL,"[""PERFORMANCE""]",Detects if multiple permissive row level security policies are present on a table for the same \`role\` and \`action\` (e.g. insert). Multiple permissive policies are suboptimal for performance as each policy must be executed for every relevant query.,"Table \`public.wallet_settings\` has multiple permissive policies for role \`dashboard_user\` for action \`SELECT\`. Policies include \`{""Users can manage their own wallet settings"",wallet_settings_modify_own,wallet_settings_select_own}\`",https://supabase.com/docs/guides/database/database-linter?lint=0006_multiple_permissive_policies,"{""name"":""wallet_settings"",""type"":""table"",""schema"":""public""}",multiple_permissive_policies_public_wallet_settings_dashboard_user_SELECT
multiple_permissive_policies,Multiple Permissive Policies,WARN,EXTERNAL,"[""PERFORMANCE""]",Detects if multiple permissive row level security policies are present on a table for the same \`role\` and \`action\` (e.g. insert). Multiple permissive policies are suboptimal for performance as each policy must be executed for every relevant query.,"Table \`public.wallet_settings\` has multiple permissive policies for role \`dashboard_user\` for action \`UPDATE\`. Policies include \`{""Users can manage their own wallet settings"",wallet_settings_modify_own,wallet_settings_update_own}\`",https://supabase.com/docs/guides/database/database-linter?lint=0006_multiple_permissive_policies,"{""name"":""wallet_settings"",""type"":""table"",""schema"":""public""}",multiple_permissive_policies_public_wallet_settings_dashboard_user_UPDATE
multiple_permissive_policies,Multiple Permissive Policies,WARN,EXTERNAL,"[""PERFORMANCE""]",Detects if multiple permissive row level security policies are present on a table for the same \`role\` and \`action\` (e.g. insert). Multiple permissive policies are suboptimal for performance as each policy must be executed for every relevant query.,"Table \`public.wallet_transactions\` has multiple permissive policies for role \`dashboard_user\` for action \`INSERT\`. Policies include \`{""Admins can manage all transactions"",""System can insert transactions""}\`",https://supabase.com/docs/guides/database/database-linter?lint=0006_multiple_permissive_policies,"{""name"":""wallet_transactions"",""type"":""table"",""schema"":""public""}",multiple_permissive_policies_public_wallet_transactions_dashboard_user_INSERT
multiple_permissive_policies,Multiple Permissive Policies,WARN,EXTERNAL,"[""PERFORMANCE""]",Detects if multiple permissive row level security policies are present on a table for the same \`role\` and \`action\` (e.g. insert). Multiple permissive policies are suboptimal for performance as each policy must be executed for every relevant query.,"Table \`public.wallet_transactions\` has multiple permissive policies for role \`dashboard_user\` for action \`SELECT\`. Policies include \`{""Admins can manage all transactions"",""Admins can view all transactions"",""Users can view their own transactions"",wallet_tx_select}\`",https://supabase.com/docs/guides/database/database-linter?lint=0006_multiple_permissive_policies,"{""name"":""wallet_transactions"",""type"":""table"",""schema"":""public""}",multiple_permissive_policies_public_wallet_transactions_dashboard_user_SELECT
multiple_permissive_policies,Multiple Permissive Policies,WARN,EXTERNAL,"[""PERFORMANCE""]",Detects if multiple permissive row level security policies are present on a table for the same \`role\` and \`action\` (e.g. insert). Multiple permissive policies are suboptimal for performance as each policy must be executed for every relevant query.,"Table \`public.wallet_transactions\` has multiple permissive policies for role \`dashboard_user\` for action \`UPDATE\`. Policies include \`{""Admins can manage all transactions"",""Admins can update transactions""}\`",https://supabase.com/docs/guides/database/database-linter?lint=0006_multiple_permissive_policies,"{""name"":""wallet_transactions"",""type"":""table"",""schema"":""public""}",multiple_permissive_policies_public_wallet_transactions_dashboard_user_UPDATE
multiple_permissive_policies,Multiple Permissive Policies,WARN,EXTERNAL,"[""PERFORMANCE""]",Detects if multiple permissive row level security policies are present on a table for the same \`role\` and \`action\` (e.g. insert). Multiple permissive policies are suboptimal for performance as each policy must be executed for every relevant query.,"Table \`public.wallets\` has multiple permissive policies for role \`dashboard_user\` for action \`INSERT\`. Policies include \`{""Admins can manage all wallets"",""Users can insert their own wallet""}\`",https://supabase.com/docs/guides/database/database-linter?lint=0006_multiple_permissive_policies,"{""name"":""wallets"",""type"":""table"",""schema"":""public""}",multiple_permissive_policies_public_wallets_dashboard_user_INSERT
multiple_permissive_policies,Multiple Permissive Policies,WARN,EXTERNAL,"[""PERFORMANCE""]",Detects if multiple permissive row level security policies are present on a table for the same \`role\` and \`action\` (e.g. insert). Multiple permissive policies are suboptimal for performance as each policy must be executed for every relevant query.,"Table \`public.wallets\` has multiple permissive policies for role \`dashboard_user\` for action \`SELECT\`. Policies include \`{""Admins can manage all wallets"",""Admins can view all wallets"",""Users can view their own wallet"",wallets_select}\`",https://supabase.com/docs/guides/database/database-linter?lint=0006_multiple_permissive_policies,"{""name"":""wallets"",""type"":""table"",""schema"":""public""}",multiple_permissive_policies_public_wallets_dashboard_user_SELECT
multiple_permissive_policies,Multiple Permissive Policies,WARN,EXTERNAL,"[""PERFORMANCE""]",Detects if multiple permissive row level security policies are present on a table for the same \`role\` and \`action\` (e.g. insert). Multiple permissive policies are suboptimal for performance as each policy must be executed for every relevant query.,"Table \`public.wallets\` has multiple permissive policies for role \`dashboard_user\` for action \`UPDATE\`. Policies include \`{""Admins can manage all wallets"",""Users can update their own wallet""}\`",https://supabase.com/docs/guides/database/database-linter?lint=0006_multiple_permissive_policies,"{""name"":""wallets"",""type"":""table"",""schema"":""public""}",multiple_permissive_policies_public_wallets_dashboard_user_UPDATE
multiple_permissive_policies,Multiple Permissive Policies,WARN,EXTERNAL,"[""PERFORMANCE""]",Detects if multiple permissive row level security policies are present on a table for the same \`role\` and \`action\` (e.g. insert). Multiple permissive policies are suboptimal for performance as each policy must be executed for every relevant query.,"Table \`public.withdrawal_requests\` has multiple permissive policies for role \`dashboard_user\` for action \`SELECT\`. Policies include \`{""Supervisors can view all withdrawal requests"",""Users can view their own withdrawal requests""}\`",https://supabase.com/docs/guides/database/database-linter?lint=0006_multiple_permissive_policies,"{""name"":""withdrawal_requests"",""type"":""table"",""schema"":""public""}",multiple_permissive_policies_public_withdrawal_requests_dashboard_user_SELECT
multiple_permissive_policies,Multiple Permissive Policies,WARN,EXTERNAL,"[""PERFORMANCE""]",Detects if multiple permissive row level security policies are present on a table for the same \`role\` and \`action\` (e.g. insert). Multiple permissive policies are suboptimal for performance as each policy must be executed for every relevant query.,"Table \`public.withdrawal_requests\` has multiple permissive policies for role \`dashboard_user\` for action \`UPDATE\`. Policies include \`{""Supervisors can approve/reject withdrawal requests"",""Users can update their own pending withdrawal requests""}\`",https://supabase.com/docs/guides/database/database-linter?lint=0006_multiple_permissive_policies,"{""name"":""withdrawal_requests"",""type"":""table"",""schema"":""public""}",multiple_permissive_policies_public_withdrawal_requests_dashboard_user_UPDATE
duplicate_index,Duplicate Index,WARN,EXTERNAL,"[""PERFORMANCE""]",Detects cases where two ore more identical indexes exist.,"Table \`public.budget_alerts\` has identical indexes {idx_budget_alerts_project,idx_budget_alerts_project_budget_id}. Drop all except one of them",https://supabase.com/docs/guides/database/database-linter?lint=0009_duplicate_index,"{""name"":""budget_alerts"",""type"":""table"",""schema"":""public"",""indexes"":[""idx_budget_alerts_project"",""idx_budget_alerts_project_budget_id""]}","duplicate_index_public_budget_alerts_{idx_budget_alerts_project,idx_budget_alerts_project_budget_id}"
duplicate_index,Duplicate Index,WARN,EXTERNAL,"[""PERFORMANCE""]",Detects cases where two ore more identical indexes exist.,"Table \`public.budget_transactions\` has identical indexes {idx_budget_transactions_project_budget,idx_budget_transactions_project_budget_id}. Drop all except one of them",https://supabase.com/docs/guides/database/database-linter?lint=0009_duplicate_index,"{""name"":""budget_transactions"",""type"":""table"",""schema"":""public"",""indexes"":[""idx_budget_transactions_project_budget"",""idx_budget_transactions_project_budget_id""]}","duplicate_index_public_budget_transactions_{idx_budget_transactions_project_budget,idx_budget_transactions_project_budget_id}"
duplicate_index,Duplicate Index,WARN,EXTERNAL,"[""PERFORMANCE""]",Detects cases where two ore more identical indexes exist.,"Table \`public.payout_requests\` has identical indexes {idx_payout_requested_at,idx_payout_requests_requested_at}. Drop all except one of them",https://supabase.com/docs/guides/database/database-linter?lint=0009_duplicate_index,"{""name"":""payout_requests"",""type"":""table"",""schema"":""public"",""indexes"":[""idx_payout_requested_at"",""idx_payout_requests_requested_at""]}","duplicate_index_public_payout_requests_{idx_payout_requested_at,idx_payout_requests_requested_at}"
duplicate_index,Duplicate Index,WARN,EXTERNAL,"[""PERFORMANCE""]",Detects cases where two ore more identical indexes exist.,"Table \`public.permissions\` has identical indexes {permissions_role_id_resource_action_key,permissions_unique_role_resource_action}. Drop all except one of them",https://supabase.com/docs/guides/database/database-linter?lint=0009_duplicate_index,"{""name"":""permissions"",""type"":""table"",""schema"":""public"",""indexes"":[""permissions_role_id_resource_action_key"",""permissions_unique_role_resource_action""]}","duplicate_index_public_permissions_{permissions_role_id_resource_action_key,permissions_unique_role_resource_action}"
duplicate_index,Duplicate Index,WARN,EXTERNAL,"[""PERFORMANCE""]",Detects cases where two ore more identical indexes exist.,"Table \`public.wallet_transactions\` has identical indexes {idx_wallet_trans_created,idx_wallet_transactions_created_at}. Drop all except one of them",https://supabase.com/docs/guides/database/database-linter?lint=0009_duplicate_index,"{""name"":""wallet_transactions"",""type"":""table"",""schema"":""public"",""indexes"":[""idx_wallet_trans_created"",""idx_wallet_transactions_created_at""]}","duplicate_index_public_wallet_transactions_{idx_wallet_trans_created,idx_wallet_transactions_created_at}"
duplicate_index,Duplicate Index,WARN,EXTERNAL,"[""PERFORMANCE""]",Detects cases where two ore more identical indexes exist.,"Table \`public.wallet_transactions\` has identical indexes {idx_wallet_transactions_site_visit_id,idx_wallet_tx_related_visit}. Drop all except one of them",https://supabase.com/docs/guides/database/database-linter?lint=0009_duplicate_index,"{""name"":""wallet_transactions"",""type"":""table"",""schema"":""public"",""indexes"":[""idx_wallet_transactions_site_visit_id"",""idx_wallet_tx_related_visit""]}","duplicate_index_public_wallet_transactions_{idx_wallet_transactions_site_visit_id,idx_wallet_tx_related_visit}"
duplicate_index,Duplicate Index,WARN,EXTERNAL,"[""PERFORMANCE""]",Detects cases where two ore more identical indexes exist.,"Table \`public.wallet_transactions\` has identical indexes {idx_wallet_trans_user,idx_wallet_transactions_user_id}. Drop all except one of them",https://supabase.com/docs/guides/database/database-linter?lint=0009_duplicate_index,"{""name"":""wallet_transactions"",""type"":""table"",""schema"":""public"",""indexes"":[""idx_wallet_trans_user"",""idx_wallet_transactions_user_id""]}","duplicate_index_public_wallet_transactions_{idx_wallet_trans_user,idx_wallet_transactions_user_id}"